N,P,K,temperature,humidity,ph,rainfall,label
102.83,16.43,58.95,27.98,90.86,6.49,14.55,muskmelon
95.9,18.52,38.83,25.76,84.36,6.32,45.82,watermelon
65.43,61.01,59.01,34.39,92.91,6.79,152.85,papaya
58.36,58.54,27.31,33.88,91.49,6.6,129.72,papaya
24.91,165.38,188.61,23.75,92.43,5.58,111.08,apple
26.15,24.76,28.31,32.26,49.83,5.46,130.72,mango
32.06,145.19,197.2,25.16,90.57,6.26,88.48,apple
22.88,53.35,19.26,28.27,49.48,6.61,60.23,mothbeans
22.85,54.33,12.72,29.02,83.3,6.82,46.73,mungbean
19.17,65.31,9.71,25.05,67.45,6.44,57.35,lentil
47.05,52.13,24.94,29.65,67.73,6.77,68.06,blackgram
16.49,28.31,25.71,29.12,94.43,6.39,159.83,coconut
21.35,16.26,38.01,20.67,88.48,7.06,108.09,pomegranate
60.56,58.4,42.19,24.57,77.98,7.11,187.01,jute
25.48,17.43,37.66,27.03,91.91,6.08,178.78,coconut
17.34,17.97,26.08,22.26,88.97,6.91,115.87,pomegranate
21.42,113.03,194.47,22.19,93.38,6.49,81.89,apple
80.72,41.47,15.6,23.76,65.11,6.76,76.32,maize
40.81,68.51,49.44,32.76,94.55,6.34,133.01,papaya
96.42,20.97,44.72,28.36,89.48,6.64,24.03,muskmelon
122.79,17.68,23.35,26.25,58.69,7.02,157.97,coffee
48.31,37.76,38.63,33.57,93.03,6.27,142.04,papaya
23.95,6.82,14.34,24.08,94.71,7.13,103.7,orange
51.3,55.3,78.62,33.86,91.11,6.38,166.5,papaya
53.61,58.72,80.7,17.96,13.79,7.18,66.2,chickpea
69.02,47.19,48.52,25.21,78.51,6.29,124.05,jute
20.52,59.04,25.05,28.88,90.66,6.62,65.23,mungbean
23.97,11.32,15.34,22.74,91.42,6.98,96.32,orange
18.15,77.47,11.42,26.58,52.35,6.26,157.39,pigeonpeas
86.44,23.6,39.61,22.69,77.73,6.14,227.64,rice
24.28,15.13,38.1,20.72,92.58,7.16,80.57,pomegranate
20.15,51.28,22.91,27.46,56.23,6.86,35.93,mothbeans
88.54,61.25,41.58,24.31,79.23,6.62,166.07,jute
22.03,68.19,17.51,24.57,68.38,6.75,44.74,lentil
79.79,58.74,38.52,23.69,81.17,6.68,170.7,jute
39.61,83.03,27.57,30.69,66.15,6.86,77.34,blackgram
78.52,33.1,41.62,26.11,80.35,6.5,152.2,jute
32.85,62.75,69.83,19.59,19.83,6.91,75.35,chickpea
33.27,81.16,88.09,18.98,7.15,7.09,90.63,chickpea
31.82,71.55,15.4,19.21,17.64,6.04,99.17,kidneybeans
41.34,65.24,53.13,32.5,91.85,6.98,120.34,papaya
23.37,24.61,33.81,30.98,51.15,5.55,107.1,mango
38.94,67.76,24.36,30.51,70.12,6.61,71.29,blackgram
71.14,49.34,22.56,23.23,58.7,6.51,70.6,maize
22.53,54.39,14.3,27.62,90.34,6.76,42.77,mungbean
96.03,55.42,21.19,21.94,63.33,5.67,89.64,maize
17.55,75.28,16.2,26.43,53.91,5.64,142.05,pigeonpeas
18.43,24.08,43.4,27.51,94.26,5.78,176.04,coconut
97.98,16.41,49.49,29.63,87.61,6.51,24.52,muskmelon
81.57,48.54,10.88,22.52,64.9,6.77,101.1,maize
48.48,76.43,19.36,28.96,62.4,7.07,71.28,blackgram
101.07,25.34,26.1,24.43,57.12,7.09,164.89,coffee
29.5,131.67,187.06,25.49,77.32,5.57,76.78,grapes
25.18,51.78,21.84,27.08,91.01,6.4,64.29,mungbean
99.87,39.34,32.61,25.88,69.72,7.24,193.57,coffee
24.05,65.48,28.08,19.02,22.51,5.73,103.4,kidneybeans
117.8,57.98,48.32,23.9,84.63,7.27,97.83,cotton
30.2,130.06,200.26,23.21,88.97,5.95,114.03,apple
110.63,70.77,43.22,27.7,83.91,6.45,105.66,banana
48.12,71.53,24.05,30.21,65.0,7.06,72.77,blackgram
94.96,14.95,49.66,25.81,82.24,6.43,42.52,watermelon
20.43,20.75,26.0,27.48,95.6,6.06,181.59,coconut
20.89,69.22,22.99,24.62,77.52,6.98,47.95,lentil
27.24,12.58,14.5,24.86,90.74,6.8,121.03,orange
48.24,63.34,48.19,34.42,89.11,7.16,122.98,papaya
20.76,69.14,17.3,26.9,41.46,5.97,135.68,pigeonpeas
20.6,10.82,3.23,23.39,92.52,7.27,120.09,orange
72.86,29.47,46.69,24.12,90.34,6.53,247.86,rice
87.4,8.82,52.63,29.81,92.46,6.73,31.08,muskmelon
12.49,58.84,21.66,27.8,49.72,6.34,127.43,pigeonpeas
108.95,18.14,33.54,28.16,89.3,6.03,25.71,muskmelon
10.16,15.07,38.17,27.23,93.14,5.77,109.38,coconut
78.58,50.22,43.75,25.39,77.07,6.55,167.65,jute
84.2,78.66,48.24,26.24,78.58,5.87,98.71,banana
39.99,68.99,13.78,29.99,66.85,7.22,75.41,blackgram
47.8,59.66,67.43,33.84,92.39,6.77,139.08,papaya
114.9,77.4,54.21,27.88,85.56,5.89,94.55,banana
142.16,50.65,40.43,24.65,79.83,6.85,68.94,cotton
94.94,15.22,44.31,28.56,83.01,5.92,33.4,watermelon
25.18,11.8,4.5,22.06,94.54,6.79,125.64,orange
118.92,23.29,28.86,24.75,58.02,6.73,179.09,coffee
40.23,67.18,79.69,18.73,11.13,7.21,93.8,chickpea
77.03,40.8,39.31,24.65,83.21,6.6,217.73,rice
14.14,39.26,22.09,29.7,54.42,6.98,51.21,mothbeans
16.83,10.71,4.65,22.87,87.14,6.58,106.17,orange
30.42,28.56,24.23,30.9,53.69,5.63,98.33,mango
114.45,30.91,33.88,24.11,67.53,6.58,120.11,coffee
21.22,40.15,17.93,27.96,49.73,6.51,34.04,mothbeans
37.64,55.98,20.9,30.49,62.6,7.01,74.99,blackgram
12.83,16.32,40.09,20.79,94.22,7.2,114.17,pomegranate
88.02,45.79,12.78,22.51,70.55,6.0,68.61,maize
23.27,42.06,14.08,29.13,45.33,7.07,47.97,mothbeans
128.94,39.25,62.29,23.57,79.9,7.17,53.42,cotton
56.11,48.18,52.47,33.52,91.52,7.08,129.8,papaya
23.4,59.87,17.7,26.03,46.33,5.9,163.02,pigeonpeas
20.7,47.25,8.92,28.0,52.29,6.79,67.99,mothbeans
18.86,64.37,21.71,19.07,19.88,5.77,120.94,kidneybeans
104.13,19.82,39.29,27.2,57.84,6.89,183.72,coffee
39.68,77.13,11.64,30.47,61.72,6.68,53.39,blackgram
19.18,71.15,11.85,25.38,67.2,6.79,44.27,lentil
19.27,13.45,39.29,27.39,93.75,5.98,190.7,coconut
90.85,42.93,37.71,24.24,80.92,6.68,185.72,rice
25.87,6.61,8.95,22.5,92.34,7.33,98.94,orange
95.13,21.43,37.99,28.64,92.28,6.39,41.17,muskmelon
87.02,12.63,40.29,25.19,82.06,6.69,42.39,watermelon
21.18,60.72,19.34,19.87,22.41,6.45,96.62,kidneybeans
95.05,14.53,59.69,27.41,88.38,6.16,53.35,watermelon
110.28,63.56,46.18,27.01,83.28,5.97,133.74,banana
27.57,79.39,19.12,27.44,48.14,5.85,176.2,pigeonpeas
16.99,58.22,15.78,28.45,45.62,6.3,54.82,mothbeans
85.39,73.09,42.81,27.23,78.12,6.18,79.32,banana
90.31,38.62,50.47,25.37,76.41,6.86,159.69,jute
95.56,45.78,35.89,23.99,83.7,7.44,82.31,cotton
18.14,20.78,48.66,21.49,87.49,6.55,114.06,pomegranate
22.08,59.82,21.09,27.58,45.76,5.57,194.42,pigeonpeas
47.85,63.56,86.59,18.58,17.35,7.52,74.52,chickpea
83.73,51.07,7.51,22.73,62.52,5.91,115.27,maize
19.16,15.88,21.77,27.89,95.15,5.5,197.84,coconut
15.39,15.25,43.31,21.66,85.28,6.09,89.79,pomegranate
70.38,42.78,36.74,23.36,82.65,6.59,227.5,rice
22.03,69.6,21.7,26.87,49.12,5.91,163.04,pigeonpeas
23.97,107.15,203.11,24.09,85.75,5.79,43.1,grapes
33.7,67.97,24.1,30.24,65.39,7.43,58.5,blackgram
27.74,14.95,20.45,28.25,93.97,6.13,196.58,coconut
39.47,64.13,87.97,18.71,15.67,7.37,104.75,chickpea
40.45,80.83,23.06,29.11,67.51,7.3,57.52,blackgram
23.36,20.92,17.14,27.13,98.09,6.1,134.85,coconut
86.46,55.79,21.48,23.93,67.75,6.61,90.21,maize
102.99,79.75,57.58,27.78,81.23,6.17,107.14,banana
20.49,46.63,13.55,27.96,59.01,6.89,34.85,mothbeans
102.21,77.84,53.38,27.42,82.72,6.17,107.67,banana
19.27,70.95,21.92,18.99,21.75,5.09,108.39,kidneybeans
22.06,18.96,51.51,21.96,89.48,5.99,82.7,pomegranate
31.0,58.77,74.62,19.88,14.34,7.5,73.46,chickpea
21.11,16.26,34.85,26.73,93.86,6.04,142.09,coconut
22.32,8.52,7.76,21.9,94.1,7.15,118.52,orange
33.24,58.23,12.71,28.16,56.45,5.81,158.73,pigeonpeas
94.01,76.45,48.81,27.36,79.08,6.07,75.96,banana
104.14,75.9,41.92,27.12,78.92,5.57,94.58,banana
14.43,131.41,210.74,21.11,91.68,5.79,138.3,apple
11.47,72.65,7.9,21.37,22.31,6.06,90.57,kidneybeans
95.85,23.49,51.6,29.73,93.29,6.41,22.66,muskmelon
12.85,56.97,18.59,28.11,83.82,6.83,40.06,mungbean
18.01,46.23,21.51,29.08,41.19,6.61,52.91,mothbeans
16.75,15.54,39.8,27.57,99.34,5.87,181.65,coconut
74.8,51.02,0.0,23.17,47.06,5.79,93.13,maize
26.46,149.23,210.43,22.16,93.39,6.07,99.95,apple
15.06,15.2,31.24,27.03,93.83,6.04,209.33,coconut
20.14,84.04,17.93,18.1,29.55,5.96,103.88,kidneybeans
24.7,51.57,24.64,28.88,51.02,6.48,56.04,mothbeans
20.04,44.97,14.21,29.63,77.88,6.95,44.36,mungbean
19.97,65.49,14.17,23.13,65.7,7.39,48.03,lentil
97.07,25.3,54.69,24.72,83.88,6.82,61.15,watermelon
22.15,49.24,5.27,27.77,85.35,6.63,51.47,mungbean
13.63,61.9,13.63,25.99,49.38,5.16,126.52,pigeonpeas
20.78,47.67,20.08,26.86,51.23,5.43,149.51,pigeonpeas
17.78,64.89,5.48,27.14,46.18,5.5,151.82,pigeonpeas
21.51,67.43,22.66,19.05,17.08,5.81,114.62,kidneybeans
71.92,40.24,23.35,20.3,67.25,6.3,82.35,maize
75.57,62.66,37.26,24.79,82.74,6.74,169.27,jute
39.58,56.0,65.28,19.35,6.49,7.39,74.31,chickpea
23.47,149.45,207.07,22.06,90.81,6.01,110.55,apple
18.49,7.8,6.02,21.18,92.49,6.94,90.37,orange
120.11,31.99,47.35,23.9,75.26,6.83,76.63,cotton
82.7,33.09,38.82,23.52,83.34,6.7,207.36,rice
25.93,14.28,19.98,26.24,95.69,5.92,191.22,coconut
30.87,138.92,226.92,23.67,80.25,6.46,63.06,grapes
13.47,69.8,18.73,25.46,67.23,6.1,51.45,lentil
93.06,18.93,49.33,25.29,93.04,6.07,61.54,watermelon
14.07,126.41,179.5,23.59,85.13,5.84,69.43,grapes
23.11,139.48,202.24,23.57,83.11,6.2,63.33,grapes
43.03,67.73,16.18,30.14,68.77,6.91,67.94,blackgram
20.38,20.7,54.28,22.81,88.62,6.23,86.47,pomegranate
47.19,66.47,58.65,19.39,19.12,7.42,94.74,chickpea
19.25,16.51,32.89,26.99,94.42,5.9,169.01,coconut
81.64,33.55,19.83,23.15,68.08,6.32,90.24,maize
26.9,75.18,17.83,25.43,71.62,7.5,57.87,lentil
20.61,126.6,179.82,23.34,85.43,6.0,61.12,grapes
92.56,20.07,31.21,26.38,84.93,6.36,48.44,watermelon
88.08,53.07,56.44,26.01,77.27,6.85,161.74,jute
94.36,33.67,16.64,26.33,52.35,6.52,166.64,coffee
98.06,26.49,29.98,25.49,62.52,6.85,174.09,coffee
22.88,88.46,22.2,21.37,22.37,5.72,111.1,kidneybeans
97.4,53.34,24.66,23.13,76.36,7.14,193.6,jute
17.88,52.18,18.84,28.04,55.69,6.79,47.66,mothbeans
13.61,63.9,21.08,18.81,24.25,6.03,107.03,kidneybeans
90.52,77.53,62.49,27.43,75.72,6.13,98.66,banana
20.11,76.96,15.55,18.41,22.19,5.18,101.16,kidneybeans
19.29,14.74,24.49,27.87,94.61,6.07,183.47,coconut
47.1,70.41,50.13,34.35,93.42,6.53,149.61,papaya
45.78,55.54,56.0,34.88,93.1,7.21,130.3,papaya
26.73,55.27,20.45,29.94,81.0,6.73,52.66,mungbean
17.9,31.46,20.51,30.53,50.62,5.9,93.64,mango
16.78,20.57,41.78,22.52,86.74,6.49,106.13,pomegranate
108.64,23.01,35.88,27.69,80.73,6.86,52.65,watermelon
17.74,59.33,25.33,21.27,17.44,6.05,103.61,kidneybeans
76.17,51.38,9.6,24.39,61.5,6.11,84.6,maize
18.72,151.09,191.5,23.73,95.36,5.67,122.31,apple
43.35,66.55,13.68,29.79,60.9,7.26,78.49,blackgram
39.96,69.53,75.38,19.43,20.63,7.46,77.35,chickpea
19.25,129.84,205.26,24.19,80.33,6.5,75.07,grapes
22.11,141.64,181.43,24.37,83.65,6.33,80.68,grapes
100.18,83.84,65.47,26.21,77.67,6.77,100.63,banana
134.56,45.53,41.77,24.92,76.36,6.91,66.44,cotton
73.29,42.5,49.24,24.43,73.98,6.49,239.02,rice
10.66,19.52,29.1,23.06,90.18,6.46,94.34,pomegranate
26.71,46.92,22.73,27.9,85.01,6.49,61.36,mungbean
111.47,82.65,74.94,27.11,86.32,5.94,126.38,banana
86.18,52.29,50.43,26.66,80.96,6.41,213.0,jute
16.98,53.82,19.85,27.39,84.93,6.31,48.47,mungbean
95.15,48.32,32.28,22.46,65.96,6.37,142.22,maize
31.96,74.93,61.07,19.07,23.2,7.46,83.39,chickpea
31.26,64.48,97.06,19.26,19.15,7.37,85.62,chickpea
29.34,70.92,72.4,19.36,17.09,7.53,97.46,chickpea
30.71,125.69,166.02,23.42,95.4,6.39,129.61,apple
75.28,43.68,45.62,23.87,84.66,6.47,251.84,rice
17.45,57.56,16.79,19.72,18.89,5.93,97.86,kidneybeans
43.15,57.16,62.32,33.27,94.2,6.58,129.22,papaya
100.2,23.02,31.96,25.7,56.92,6.97,180.56,coffee
33.46,61.32,19.37,29.14,62.75,6.8,70.22,blackgram
19.51,77.74,16.29,21.05,23.88,5.82,107.33,kidneybeans
26.96,28.1,36.97,31.35,56.55,5.47,94.88,mango
25.65,26.16,23.05,30.89,53.05,5.88,100.65,mango
14.47,24.81,20.18,27.05,92.16,5.75,176.3,coconut
51.86,61.69,54.25,34.79,92.41,6.53,140.4,papaya
21.7,160.62,199.12,23.48,91.2,5.86,113.2,apple
35.02,69.31,79.83,19.13,21.24,6.9,94.63,chickpea
21.68,13.45,43.2,21.81,90.97,6.37,127.75,pomegranate
39.43,63.79,73.71,19.27,17.68,7.5,82.85,chickpea
91.05,11.28,60.37,28.26,87.47,6.99,20.19,muskmelon
22.75,145.04,208.36,22.88,93.68,6.12,136.93,apple
95.58,17.54,44.04,28.54,97.54,6.55,27.7,muskmelon
110.36,23.68,54.59,28.29,94.38,6.63,40.62,muskmelon
19.24,31.55,22.97,29.91,51.83,5.46,79.6,mango
21.12,21.18,39.16,31.39,47.52,5.72,87.62,mango
71.35,50.52,47.7,23.97,81.93,6.99,90.49,cotton
20.48,24.74,23.15,27.45,95.73,5.71,162.01,coconut
14.51,17.81,23.16,21.26,89.48,6.47,97.07,pomegranate
85.83,53.86,49.42,24.23,88.1,6.53,260.18,rice
86.79,12.77,50.89,28.61,98.43,6.12,24.25,muskmelon
106.57,22.26,27.89,23.29,64.18,6.74,173.4,coffee
35.64,57.08,47.44,32.11,92.15,6.2,136.74,papaya
20.02,42.8,13.73,28.43,57.03,6.9,77.87,mothbeans
68.71,68.79,22.29,21.5,69.88,6.24,80.45,maize
26.32,37.13,39.66,30.79,46.38,6.13,102.61,mango
107.77,17.39,60.62,28.41,98.39,6.34,19.58,muskmelon
24.0,62.0,18.23,26.96,42.56,5.88,152.15,pigeonpeas
27.19,47.34,25.35,28.07,86.23,6.71,32.02,mungbean
97.86,26.53,31.06,25.81,66.69,6.79,136.96,coffee
20.98,133.86,190.59,23.34,83.14,6.02,95.58,grapes
22.61,19.54,32.83,28.64,96.24,5.83,161.89,coconut
120.09,38.76,46.76,24.77,80.14,7.31,50.51,cotton
23.29,56.93,20.79,28.68,51.23,5.83,147.37,pigeonpeas
85.81,39.55,38.64,22.76,83.51,6.14,255.64,rice
24.73,128.92,181.78,22.82,95.26,5.75,101.35,apple
14.6,18.37,30.37,20.77,86.45,6.21,127.36,pomegranate
97.14,11.87,22.4,28.06,57.19,6.4,160.51,coffee
41.73,65.73,79.57,18.96,14.19,7.47,121.8,chickpea
121.85,51.81,45.12,24.89,80.03,6.6,92.48,cotton
68.96,53.64,31.56,25.72,81.71,6.59,208.4,jute
20.99,20.93,23.01,31.6,56.09,5.81,89.24,mango
118.02,90.5,52.12,27.6,80.81,5.63,103.56,banana
46.66,48.98,45.35,33.47,93.76,6.64,120.19,papaya
17.88,134.21,207.2,23.26,93.65,5.9,125.59,apple
42.7,65.95,63.85,19.69,18.36,7.16,77.07,chickpea
57.48,33.39,33.74,20.92,78.63,6.13,231.37,rice
30.44,64.82,16.89,27.81,53.74,5.63,138.27,pigeonpeas
15.79,50.37,17.56,29.47,54.46,7.15,41.93,mothbeans
24.55,56.98,17.28,28.53,86.4,6.89,47.67,mungbean
83.84,39.85,46.08,26.29,81.18,6.84,146.18,jute
13.55,20.96,34.7,20.59,88.78,6.63,102.84,pomegranate
28.52,127.6,203.19,22.83,79.21,6.0,70.38,grapes
13.9,59.17,24.84,30.38,46.75,7.21,51.84,mothbeans
56.48,43.5,39.03,25.36,73.75,6.28,202.75,jute
72.74,47.58,21.95,21.09,68.92,6.29,50.94,maize
19.87,9.71,19.18,30.43,97.76,6.33,161.16,coconut
85.61,33.82,15.37,20.86,60.47,6.28,47.48,maize
34.51,71.67,83.87,17.98,17.53,7.6,91.88,chickpea
96.69,80.33,60.48,26.82,84.45,6.38,117.04,banana
81.6,48.61,33.23,24.1,81.91,6.49,213.67,rice
14.17,23.42,39.81,26.49,94.14,5.7,173.35,coconut
60.45,35.41,43.29,24.68,77.36,6.6,141.64,jute
22.22,31.81,32.75,31.02,47.26,6.08,99.9,mango
85.99,13.74,46.18,28.76,93.42,6.43,23.49,muskmelon
17.21,135.86,202.36,22.15,92.11,6.53,146.93,apple
90.34,80.99,51.02,27.16,85.42,5.78,127.26,banana
20.22,70.33,12.39,27.3,49.85,6.23,152.77,pigeonpeas
45.07,78.17,14.85,29.84,57.51,7.43,94.85,blackgram
24.73,8.28,5.57,21.56,92.74,6.81,128.99,orange
33.01,86.08,70.41,19.5,10.15,7.11,102.23,chickpea
99.61,17.66,47.25,25.08,83.36,6.58,42.48,watermelon
94.27,76.71,39.28,28.21,77.49,5.78,125.09,banana
31.25,120.68,209.09,20.3,93.74,5.41,104.6,apple
44.67,60.71,88.78,17.8,18.21,7.38,72.37,chickpea
110.5,35.03,31.36,25.25,57.02,6.9,187.94,coffee
20.32,68.12,22.68,26.48,44.6,5.87,147.3,pigeonpeas
17.75,10.07,7.56,24.28,93.91,6.95,93.3,orange
13.15,109.73,199.98,22.84,90.04,6.22,115.44,apple
22.54,15.24,17.27,26.82,96.21,5.89,168.8,coconut
43.76,59.71,59.58,32.92,92.27,6.73,119.4,papaya
80.29,13.76,54.7,24.57,86.23,6.34,50.64,watermelon
26.4,53.75,19.57,26.46,47.05,7.16,41.52,mothbeans
44.54,63.24,70.3,34.52,94.55,6.64,144.88,papaya
40.66,78.13,79.87,17.09,16.14,7.3,110.34,chickpea
18.54,15.53,38.97,20.79,95.96,6.85,111.1,pomegranate
44.91,68.85,87.85,19.6,13.68,6.89,102.61,chickpea
51.03,54.12,48.77,31.65,92.02,6.64,126.2,papaya
23.47,65.51,17.11,23.64,64.2,6.78,35.89,lentil
23.84,147.51,182.07,22.5,94.84,5.68,128.44,apple
20.49,14.78,32.12,22.99,90.99,6.46,116.62,pomegranate
38.43,75.56,82.37,18.82,22.36,7.28,56.07,chickpea
10.89,33.67,18.78,31.49,46.83,5.37,98.34,mango
40.77,89.48,69.0,18.82,24.09,7.64,71.25,chickpea
15.07,19.86,33.31,22.56,87.53,6.54,107.79,pomegranate
96.65,8.58,58.42,24.36,84.35,6.68,60.23,watermelon
18.58,51.42,9.42,18.64,16.08,5.69,85.98,kidneybeans
15.62,51.25,21.95,30.48,83.63,6.66,43.24,mungbean
105.6,19.2,56.03,28.69,91.75,6.2,22.36,muskmelon
93.37,13.47,54.74,25.57,83.78,6.48,68.54,watermelon
18.02,67.51,24.83,18.86,21.25,5.96,66.9,kidneybeans
119.74,17.04,40.57,28.66,91.64,6.62,25.16,muskmelon
23.0,38.24,33.93,30.64,54.62,5.59,97.29,mango
79.02,36.61,39.36,21.68,76.94,6.0,209.08,rice
35.99,70.31,10.64,30.46,60.99,7.23,61.22,blackgram
28.13,65.65,80.56,17.87,16.76,7.35,50.82,chickpea
87.86,85.01,51.58,28.17,80.0,6.2,102.24,banana
41.42,78.4,11.07,29.92,60.46,7.27,78.1,blackgram
20.76,64.03,19.76,28.2,59.11,6.05,165.59,pigeonpeas
63.43,56.62,41.77,32.58,91.63,6.59,129.73,papaya
22.03,71.92,29.38,26.94,53.1,5.85,122.29,pigeonpeas
11.98,51.26,21.6,28.34,82.06,6.75,34.35,mungbean
25.61,14.03,30.02,28.08,97.03,6.2,177.65,coconut
125.35,57.96,37.14,24.24,73.13,6.51,72.76,cotton
17.49,142.21,191.41,22.85,81.34,6.36,72.17,grapes
17.87,134.77,175.53,20.74,94.06,5.83,108.82,apple
14.59,59.42,12.14,25.38,67.65,7.45,39.14,lentil
92.7,79.2,41.44,28.7,80.46,6.03,97.27,banana
79.07,41.86,35.07,26.43,79.09,6.64,170.15,jute
18.35,124.91,179.7,22.68,89.59,5.8,98.46,apple
16.71,18.8,45.98,22.5,91.48,6.46,98.5,pomegranate
23.61,132.12,200.58,23.06,93.94,5.77,137.56,apple
25.43,50.34,20.33,27.91,85.14,6.83,56.16,mungbean
89.94,16.67,51.2,28.9,94.18,6.73,26.17,muskmelon
84.29,35.7,34.82,24.96,60.74,7.13,182.77,coffee
104.49,22.95,31.82,27.23,59.67,6.4,143.06,coffee
23.32,74.59,15.68,26.76,45.96,5.62,162.37,pigeonpeas
76.77,49.02,51.79,23.3,82.87,6.08,204.66,jute
26.17,84.0,14.67,19.91,21.65,5.71,94.61,kidneybeans
87.87,87.57,41.8,28.28,76.52,6.02,123.4,banana
79.42,55.0,25.65,20.17,54.06,6.55,106.38,maize
79.31,38.95,48.02,25.04,77.78,6.67,152.74,jute
85.66,41.63,26.78,22.06,62.85,6.52,85.56,maize
26.53,73.77,27.14,27.65,60.75,5.65,135.97,pigeonpeas
14.1,25.95,34.67,31.68,52.04,6.54,103.6,mango
20.55,67.54,22.53,19.83,16.81,5.69,106.08,kidneybeans
25.4,21.8,45.65,21.59,90.0,6.43,116.32,pomegranate
105.98,15.26,66.3,26.0,85.79,6.54,70.14,watermelon
41.62,58.45,14.59,30.41,68.35,6.86,76.72,blackgram
87.9,46.81,11.29,22.12,66.39,6.21,74.6,maize
75.51,43.62,27.47,24.46,80.11,6.74,169.96,rice
20.6,59.1,21.14,28.77,54.27,6.89,42.17,mothbeans
20.04,71.29,26.83,20.41,14.15,5.89,124.73,kidneybeans
20.04,20.23,30.86,32.13,46.97,5.6,101.36,mango
126.44,44.84,40.45,23.46,79.1,7.16,74.19,cotton
51.45,63.03,49.68,34.11,94.03,6.73,90.01,papaya
23.31,46.9,18.41,28.05,46.78,6.81,54.55,mothbeans
124.2,44.09,43.32,24.04,76.07,6.29,84.35,cotton
20.2,64.3,10.19,28.31,89.14,6.32,42.56,mungbean
24.85,6.81,7.82,22.01,90.89,6.63,108.93,orange
78.17,44.61,40.06,24.48,84.01,7.22,205.9,jute
52.18,70.74,21.4,28.83,64.8,7.27,64.71,blackgram
21.85,51.05,18.73,29.37,83.65,7.01,54.38,mungbean
108.82,31.4,23.97,26.43,56.51,6.58,169.74,coffee
106.62,77.9,52.4,27.12,82.98,5.61,91.82,banana
21.0,47.88,20.79,29.45,56.68,6.3,131.66,pigeonpeas
43.99,60.26,52.26,32.43,90.55,6.53,139.75,papaya
20.45,140.19,195.99,21.8,94.46,6.13,96.34,apple
20.49,15.49,20.0,20.72,89.95,6.55,132.26,pomegranate
74.29,31.73,18.8,20.26,70.14,6.69,70.66,maize
15.11,34.47,26.94,31.17,52.45,5.6,102.95,mango
26.29,13.35,34.2,29.27,93.03,6.54,184.49,coconut
12.71,115.56,193.15,21.55,91.7,6.4,90.94,apple
15.15,59.33,12.34,25.4,65.96,6.96,20.07,lentil
82.75,52.53,39.28,24.84,87.02,7.04,192.34,jute
13.94,52.4,24.09,28.59,52.01,6.98,53.05,mothbeans
23.53,65.1,18.75,24.54,67.93,7.37,49.68,lentil
22.09,21.02,34.63,28.5,93.83,5.97,203.46,coconut
36.61,75.05,18.06,29.11,65.06,7.18,80.15,blackgram
85.14,47.89,46.87,24.29,87.27,6.23,139.13,jute
15.41,40.3,20.67,26.77,85.39,6.44,50.01,mungbean
112.53,28.08,45.36,25.71,81.67,6.78,85.6,cotton
91.37,17.66,75.69,24.64,82.83,6.5,41.68,watermelon
25.59,127.36,201.61,21.36,91.26,6.21,101.54,apple
33.91,134.16,227.35,23.97,82.64,5.88,81.31,grapes
29.72,15.57,45.64,26.89,92.78,5.9,170.52,coconut
20.61,146.91,194.11,24.31,82.44,6.18,71.32,grapes
90.75,10.7,49.37,26.41,80.16,6.3,57.3,watermelon
83.29,42.9,50.57,23.29,76.83,6.72,227.72,rice
20.59,31.5,45.89,31.18,54.66,5.54,71.55,mango
24.37,27.64,37.44,31.0,50.1,5.61,94.9,mango
94.61,27.42,13.33,24.36,63.17,7.11,188.12,coffee
18.84,22.4,47.36,22.18,93.28,5.83,102.64,pomegranate
86.53,79.43,49.31,26.77,80.64,5.86,122.45,banana
27.48,113.3,175.97,24.95,82.2,6.0,56.58,grapes
97.45,51.49,50.4,24.69,81.01,7.05,193.91,jute
18.46,9.06,13.26,24.81,95.01,6.98,110.26,orange
126.06,48.52,45.04,25.85,78.21,7.27,86.34,cotton
14.15,23.87,31.3,29.17,50.15,5.86,91.04,mango
55.4,42.33,65.89,33.5,94.79,6.21,147.62,papaya
96.19,20.02,73.04,27.84,92.0,6.3,19.78,muskmelon
19.53,34.67,24.5,27.55,58.85,6.76,43.42,mothbeans
95.43,52.27,32.89,23.67,78.0,6.65,219.08,jute
39.5,64.04,50.44,17.9,21.38,7.17,86.05,chickpea
18.2,46.67,14.69,27.1,52.77,6.6,42.11,mothbeans
16.8,7.35,15.5,23.07,93.18,7.1,106.74,pomegranate
112.66,14.23,54.25,26.33,80.89,6.88,49.16,watermelon
20.6,51.23,21.34,27.93,50.63,6.77,64.78,mothbeans
97.82,46.13,60.76,22.29,79.72,6.9,85.03,cotton
65.06,58.22,50.63,33.69,95.39,6.74,131.33,papaya
109.33,12.63,36.79,22.4,84.79,6.27,55.38,watermelon
25.51,55.8,16.47,27.54,50.09,7.02,39.0,mothbeans
72.75,57.03,33.43,24.71,78.84,6.68,247.78,rice
23.37,28.98,17.93,26.58,94.29,6.58,215.56,coconut
16.14,41.4,6.94,27.77,51.22,6.7,64.29,mothbeans
25.07,41.87,21.75,28.14,48.26,6.67,67.59,mothbeans
89.24,38.22,22.35,21.23,61.94,6.68,75.23,maize
84.14,52.93,23.49,22.99,84.07,5.93,278.33,rice
73.6,46.33,15.01,18.62,58.41,5.76,44.5,maize
18.81,18.13,31.55,27.18,95.54,5.71,190.99,coconut
22.25,6.05,20.22,22.72,92.61,7.18,104.84,orange
17.94,16.52,45.57,21.66,88.1,6.71,106.04,pomegranate
22.33,60.71,22.39,19.16,19.41,5.44,125.82,kidneybeans
102.48,17.48,48.2,24.52,86.27,6.63,53.21,watermelon
33.1,42.27,19.5,27.3,85.85,6.47,44.58,mungbean
42.55,71.62,19.06,28.67,62.32,7.02,62.76,blackgram
87.49,37.72,41.58,25.01,86.65,6.38,274.9,rice
76.64,24.07,28.04,25.34,85.13,6.18,194.93,rice
115.13,37.33,47.49,23.75,87.58,6.44,83.26,cotton
109.19,49.74,54.51,25.02,75.14,6.72,85.23,cotton
20.97,62.53,22.13,27.45,43.97,5.71,152.84,pigeonpeas
22.62,6.61,13.98,21.9,89.78,6.66,125.64,orange
34.09,67.06,11.46,28.3,67.76,6.93,79.34,blackgram
25.2,78.04,14.73,24.1,72.05,7.01,43.32,lentil
115.4,75.94,60.51,28.82,77.85,5.93,111.22,banana
26.56,26.79,31.09,31.77,47.24,5.82,98.84,mango
76.52,59.6,20.43,22.66,64.86,6.27,115.94,maize
14.57,145.47,164.76,22.13,92.45,5.71,105.77,apple
16.15,18.2,31.4,22.05,90.21,6.37,106.17,pomegranate
23.25,21.49,27.95,31.07,46.39,5.5,116.09,mango
153.5,41.08,62.84,24.75,76.2,6.99,91.8,cotton
24.98,42.58,15.56,28.79,90.84,7.18,52.6,mungbean
20.09,74.95,19.51,26.43,42.22,5.4,157.35,pigeonpeas
41.64,65.29,61.48,18.64,15.59,7.3,73.11,chickpea
27.75,138.45,184.07,22.97,93.74,5.78,89.93,apple
116.25,39.26,40.87,25.34,55.52,6.52,137.96,coffee
19.13,58.02,20.15,27.23,46.45,6.0,129.25,pigeonpeas
98.76,49.47,34.33,25.25,76.48,6.64,153.3,jute
91.31,65.6,48.74,24.23,82.77,6.91,216.25,jute
82.84,49.41,38.27,25.9,77.44,7.37,190.79,jute
43.33,51.54,31.74,33.07,90.32,6.77,128.82,papaya
19.19,61.06,14.1,25.63,58.76,7.24,44.35,lentil
31.12,135.27,214.99,22.2,80.4,5.45,79.36,grapes
84.14,32.08,22.94,24.02,79.15,6.28,219.86,rice
20.55,11.52,7.76,24.33,93.36,6.77,139.24,orange
17.13,52.52,19.11,26.34,89.23,6.77,40.81,mungbean
26.6,33.16,25.19,30.38,49.36,5.41,81.54,mango
19.91,67.82,15.72,20.59,27.63,5.59,112.76,kidneybeans
11.86,128.58,193.74,24.72,85.79,6.24,53.79,grapes
23.4,49.63,20.13,28.44,87.42,6.74,40.51,mungbean
21.32,10.17,10.81,23.18,92.06,6.73,100.04,orange
29.26,80.26,9.52,28.98,53.48,5.36,143.85,pigeonpeas
102.24,91.61,46.34,27.44,83.94,5.34,114.43,banana
68.44,37.65,31.42,24.56,88.99,6.05,213.55,rice
20.75,73.54,11.74,27.3,56.35,5.49,163.79,pigeonpeas
15.12,17.24,21.16,23.52,89.55,6.67,128.87,pomegranate
107.96,24.32,34.03,25.11,57.81,7.01,174.96,coffee
103.92,18.72,41.99,26.93,93.14,6.25,29.13,muskmelon
30.46,53.14,21.12,29.25,66.01,7.34,51.48,blackgram
45.43,76.15,43.15,31.55,91.14,6.86,157.11,papaya
50.07,60.88,42.14,33.61,94.08,6.31,142.89,papaya
14.47,19.66,41.75,22.87,91.98,6.85,116.13,pomegranate
17.92,82.92,15.58,19.22,28.06,5.81,96.17,kidneybeans
46.15,60.95,68.63,17.18,15.83,7.19,59.29,chickpea
24.01,38.16,13.75,27.1,88.1,6.8,54.05,mungbean
18.88,46.21,11.02,28.98,87.5,6.87,40.3,mungbean
21.98,19.02,34.13,31.83,55.18,6.36,71.3,mango
24.49,69.67,24.75,27.66,41.77,6.06,142.7,pigeonpeas
91.98,21.0,33.61,27.63,91.12,6.69,32.4,muskmelon
28.89,35.48,28.89,29.99,55.55,5.76,70.83,mango
21.29,42.03,14.65,27.74,54.84,6.92,25.8,mothbeans
14.81,65.61,16.69,25.92,54.1,5.71,161.57,pigeonpeas
93.46,15.7,61.27,27.9,90.62,6.85,25.45,muskmelon
81.73,52.63,41.28,23.56,83.0,6.79,243.14,rice
18.04,19.53,33.47,23.87,88.65,7.0,104.17,pomegranate
93.68,12.2,45.39,29.2,95.73,6.02,17.27,muskmelon
22.92,70.88,24.1,27.21,49.01,5.77,160.97,pigeonpeas
21.9,127.72,213.2,22.87,93.57,5.97,121.39,apple
21.72,70.86,20.51,29.79,89.12,6.83,39.11,mungbean
82.03,31.93,45.65,24.5,83.35,6.57,245.3,rice
26.31,83.14,24.67,18.96,22.45,5.88,76.05,kidneybeans
21.01,121.29,203.37,23.37,92.88,5.78,110.62,apple
80.9,41.83,60.14,25.95,79.01,6.31,196.02,rice
14.42,40.9,28.46,31.8,48.86,5.67,88.62,mango
35.3,64.72,42.28,33.43,88.76,6.51,115.96,papaya
15.31,36.53,16.22,27.25,56.4,6.92,64.19,mothbeans
130.77,41.73,67.03,24.2,72.13,7.03,70.92,cotton
17.97,16.19,51.71,22.6,90.89,6.43,111.98,pomegranate
19.51,72.37,21.61,28.5,55.92,6.07,133.12,pigeonpeas
41.02,60.88,49.81,34.44,94.43,6.86,158.49,papaya
13.73,59.71,16.35,25.74,64.67,6.8,58.27,lentil
57.12,29.99,16.2,22.62,68.75,6.4,78.08,maize
38.74,71.51,94.01,19.05,13.25,7.55,93.9,chickpea
88.15,23.52,46.42,28.1,91.96,6.73,28.24,muskmelon
106.45,35.6,34.97,25.33,76.36,6.78,110.46,cotton
19.59,70.24,23.23,20.22,26.89,5.71,99.69,kidneybeans
42.76,76.9,80.4,17.87,11.46,6.98,56.25,chickpea
14.7,41.07,25.41,28.56,86.85,6.66,42.41,mungbean
86.63,28.72,30.1,27.07,59.93,6.79,161.47,coffee
96.35,25.04,18.69,25.52,61.06,6.75,159.82,coffee
22.33,3.94,6.64,23.11,87.66,6.94,105.54,orange
96.17,17.73,39.73,25.16,84.04,6.15,55.26,watermelon
22.63,5.69,10.39,21.52,91.73,6.7,109.83,orange
22.7,146.94,183.46,25.24,77.88,5.87,58.6,grapes
101.13,34.93,39.15,25.01,58.73,6.76,147.29,coffee
22.3,84.91,15.66,27.63,50.93,5.78,140.49,pigeonpeas
12.25,27.04,27.15,32.37,45.41,5.61,82.42,mango
21.03,142.63,191.45,23.15,89.49,5.8,93.67,apple
15.12,32.29,25.59,28.45,52.8,5.48,101.54,mango
17.05,16.33,37.34,20.5,93.61,6.1,104.0,pomegranate
99.99,22.49,26.73,27.25,52.65,6.59,179.05,coffee
18.85,60.52,20.98,27.98,53.27,6.0,168.39,pigeonpeas
103.3,22.54,27.72,25.65,56.39,6.79,125.0,coffee
33.22,117.55,200.45,23.62,82.19,6.02,83.68,grapes
106.69,59.5,52.42,23.46,76.78,7.31,86.06,cotton
23.89,14.89,51.84,22.33,90.92,6.44,116.91,pomegranate
43.98,55.72,59.92,34.79,90.44,6.61,134.13,papaya
18.06,128.26,183.76,21.86,91.55,5.25,109.27,apple
42.11,62.59,21.95,30.48,61.73,7.0,39.07,blackgram
22.48,74.02,15.65,27.75,45.68,5.64,129.88,pigeonpeas
99.09,17.12,61.45,24.84,79.88,6.59,28.52,watermelon
56.84,49.19,55.79,33.02,92.78,6.59,132.79,papaya
42.03,89.85,19.51,31.07,61.84,7.12,76.05,blackgram
26.42,128.58,204.4,23.95,83.71,6.14,38.73,grapes
20.14,76.02,18.52,24.92,64.06,6.76,51.23,lentil
77.03,40.53,34.42,24.89,77.88,6.63,231.66,rice
88.09,40.13,39.74,25.09,57.12,6.54,141.8,coffee
59.59,58.9,51.2,31.98,90.87,6.98,144.09,papaya
36.38,58.16,65.53,20.28,17.99,7.43,76.67,chickpea
94.5,26.7,27.89,25.01,57.35,7.11,135.71,coffee
69.84,45.61,32.84,24.7,79.38,7.21,168.29,jute
20.78,47.68,16.37,30.35,52.7,6.72,51.31,mothbeans
13.99,16.74,27.22,20.79,93.5,6.49,135.36,pomegranate
58.72,59.81,73.26,34.02,92.11,6.89,136.93,papaya
17.39,67.32,16.74,26.68,46.59,5.66,137.58,pigeonpeas
19.82,127.54,175.06,22.06,95.18,5.82,111.35,apple
19.43,53.43,19.57,20.98,16.57,5.94,110.3,kidneybeans
20.23,10.59,6.61,23.94,92.61,7.01,91.93,orange
18.31,44.21,12.06,27.52,45.31,6.99,84.6,mothbeans
89.16,29.39,40.25,23.12,80.85,6.7,252.07,rice
15.92,39.34,20.97,29.98,86.68,6.62,56.66,mungbean
121.7,25.39,57.06,25.96,79.41,6.54,44.96,watermelon
21.03,18.65,47.79,21.24,90.37,6.34,112.97,pomegranate
24.73,20.96,30.88,28.28,93.67,6.2,198.35,coconut
22.72,22.72,34.35,28.48,93.58,5.89,171.54,coconut
82.08,43.41,51.25,23.79,80.91,6.92,167.1,jute
13.82,15.63,40.16,21.01,90.34,6.24,82.09,pomegranate
11.51,63.18,14.49,21.48,14.45,5.28,122.76,kidneybeans
11.64,39.55,23.14,26.76,46.84,7.3,43.36,mothbeans
94.18,45.99,49.65,23.31,89.21,6.63,189.56,jute
18.19,61.03,16.8,21.22,24.38,5.75,97.62,kidneybeans
68.87,44.64,44.2,21.91,84.45,7.02,241.81,rice
17.85,78.6,21.3,26.62,65.51,7.63,47.78,lentil
45.49,63.58,53.17,34.07,90.18,6.73,139.76,papaya
21.88,16.9,46.05,21.88,87.01,6.73,109.19,pomegranate
24.56,5.67,11.48,22.21,93.09,6.63,94.38,orange
49.35,60.12,77.74,19.5,17.13,7.06,86.8,chickpea
88.22,46.51,45.09,24.24,80.66,6.99,181.31,jute
15.12,16.94,36.65,22.61,89.82,6.26,104.42,pomegranate
112.13,44.09,39.65,23.82,83.7,6.5,85.85,cotton
16.86,35.49,21.1,28.41,60.65,6.66,54.55,mothbeans
15.28,62.28,15.96,28.63,88.06,6.45,43.54,mungbean
25.66,154.11,193.26,23.73,78.14,5.92,52.13,grapes
21.35,40.8,17.34,30.22,85.79,6.4,50.8,mungbean
16.78,71.09,19.14,24.3,63.49,6.8,29.54,lentil
112.87,44.58,59.68,24.63,72.03,7.05,72.86,cotton
22.03,52.57,15.43,20.67,20.43,5.58,127.41,kidneybeans
23.73,25.04,23.49,31.81,53.98,6.03,98.01,mango
104.65,18.18,51.81,28.66,93.87,6.44,16.27,muskmelon
19.82,63.89,21.19,20.51,19.78,5.99,120.67,kidneybeans
13.12,14.53,13.19,24.35,92.99,6.28,92.33,orange
23.75,76.79,19.2,28.4,39.99,6.03,152.01,pigeonpeas
82.72,54.56,15.96,23.44,68.13,6.12,64.79,maize
92.11,46.04,40.08,24.25,80.27,6.55,172.27,jute
113.69,37.84,31.63,25.25,61.7,6.73,118.89,coffee
141.16,48.76,54.29,23.88,73.24,7.11,71.79,cotton
65.02,47.47,20.59,21.56,69.46,5.89,77.68,maize
18.97,62.71,23.52,23.91,70.74,6.85,46.21,lentil
24.0,75.85,15.53,18.28,19.36,6.02,96.33,kidneybeans
16.99,18.41,35.98,22.08,96.51,6.49,100.47,pomegranate
55.28,52.01,58.23,34.05,90.55,6.72,133.12,papaya
100.93,52.59,43.09,22.78,78.11,6.76,244.36,rice
19.06,72.91,24.49,28.37,53.35,5.47,167.93,pigeonpeas
97.25,20.27,60.75,28.63,91.82,6.65,23.46,muskmelon
20.94,55.79,16.69,27.44,91.43,6.56,43.32,mungbean
22.62,88.11,17.65,20.32,26.88,6.1,105.19,kidneybeans
74.31,45.71,17.36,23.97,56.63,6.51,78.17,maize
67.82,49.7,36.95,24.47,82.48,6.79,185.29,jute
25.14,57.36,20.66,20.15,26.16,5.92,66.96,kidneybeans
48.48,77.22,82.9,19.03,16.06,7.51,75.81,chickpea
130.23,50.19,42.94,22.08,85.49,6.63,100.36,cotton
18.83,52.58,21.88,28.98,56.21,6.98,49.82,mothbeans
26.67,148.06,214.58,22.62,90.66,6.47,126.7,apple
68.21,70.26,51.88,32.81,95.55,6.64,131.15,papaya
19.14,15.41,40.3,22.18,94.4,6.77,125.22,pomegranate
92.78,52.1,40.43,25.88,80.68,6.7,77.27,cotton
22.97,32.61,29.37,31.73,53.18,5.83,93.0,mango
25.13,152.68,225.3,22.71,80.85,5.53,88.24,grapes
11.81,33.39,24.9,32.29,47.27,5.62,99.83,mango
115.57,29.16,26.46,24.96,54.39,6.32,173.55,coffee
100.89,30.62,28.31,26.5,60.35,6.75,156.24,coffee
117.23,49.89,42.73,23.41,78.95,6.79,111.53,cotton
26.72,45.54,18.41,28.62,49.23,7.13,55.34,mothbeans
21.49,11.99,21.04,26.82,95.06,5.74,168.74,coconut
31.53,9.43,18.54,26.6,96.43,5.5,189.14,coconut
23.03,18.93,35.94,27.98,95.9,5.73,182.47,coconut
18.94,134.45,201.31,22.92,93.87,5.71,89.53,apple
20.31,2.43,7.67,22.44,92.77,7.55,119.58,orange
14.61,27.61,32.43,31.47,49.44,5.72,91.71,mango
21.24,28.47,28.85,30.9,48.49,5.83,100.75,mango
17.04,9.67,15.23,25.47,93.69,7.32,136.75,orange
88.15,101.76,40.43,28.32,80.76,5.86,104.28,banana
26.28,125.34,193.77,22.71,89.44,5.8,133.42,apple
21.52,137.31,183.06,24.06,77.91,5.95,55.98,grapes
42.28,59.5,15.17,30.64,71.88,7.26,56.33,blackgram
19.48,49.11,23.2,21.34,27.86,5.85,105.74,kidneybeans
25.1,111.37,200.48,25.11,86.92,5.46,73.58,grapes
92.64,53.83,58.47,23.84,84.35,6.91,103.39,cotton
16.42,74.84,7.99,24.95,71.28,7.34,49.9,lentil
89.77,83.81,26.26,26.94,83.28,5.94,106.89,banana
24.44,48.62,18.15,29.12,52.91,6.62,30.41,mothbeans
27.11,128.51,193.25,22.3,92.27,5.49,104.37,apple
66.12,51.15,43.76,23.83,76.55,6.77,152.77,jute
7.89,77.8,9.88,25.44,61.25,7.23,78.08,lentil
99.8,29.21,29.61,24.94,62.34,7.01,195.68,coffee
20.31,8.82,8.16,20.84,93.57,6.67,111.95,orange
15.03,54.13,26.66,25.97,67.2,6.69,64.11,lentil
40.28,80.19,22.31,29.2,62.21,7.26,59.89,blackgram
99.83,81.19,45.95,28.34,78.83,5.55,94.14,banana
21.6,73.21,29.93,20.18,23.64,5.4,84.41,kidneybeans
16.63,24.9,45.3,21.24,89.93,6.52,95.48,pomegranate
70.38,42.36,34.11,24.17,83.45,6.93,153.49,jute
50.89,58.22,49.77,33.9,90.92,6.69,164.31,papaya
11.2,65.34,19.04,24.77,66.32,7.01,43.36,lentil
15.86,8.67,24.66,27.99,92.88,5.52,156.0,coconut
24.92,70.53,15.51,19.03,14.68,5.83,99.33,kidneybeans
21.04,67.49,16.12,19.45,27.81,5.71,92.43,kidneybeans
19.23,54.04,31.38,28.26,49.56,6.52,57.62,mothbeans
51.95,59.78,45.89,33.61,90.73,6.74,144.05,papaya
31.73,59.05,86.6,19.3,17.31,7.06,91.74,chickpea
115.18,9.35,39.62,26.01,83.24,6.07,73.44,watermelon
16.38,21.06,39.14,32.32,49.78,5.38,76.71,mango
15.84,32.36,26.72,31.74,45.75,5.39,105.57,mango
80.98,45.28,16.62,23.91,72.7,6.77,108.67,maize
97.38,87.07,48.2,28.74,80.64,5.87,97.65,banana
84.68,33.13,42.95,22.55,85.07,6.39,231.82,rice
23.35,52.76,16.38,28.35,62.89,6.83,42.68,mothbeans
5.4,132.42,231.48,24.04,90.44,5.97,89.57,apple
27.37,64.81,6.8,20.4,18.66,5.75,103.61,kidneybeans
17.07,64.51,28.99,25.6,68.58,6.87,43.14,lentil
35.85,66.48,90.44,19.21,11.31,7.5,65.82,chickpea
20.78,68.05,24.7,21.11,20.22,5.67,115.63,kidneybeans
124.33,44.01,52.22,24.48,78.58,7.21,83.87,cotton
24.08,79.41,14.71,27.69,40.17,5.44,166.82,pigeonpeas
42.72,63.95,69.24,18.46,21.19,7.49,79.18,chickpea
46.15,66.52,74.19,17.08,19.46,7.31,66.82,chickpea
88.19,16.95,60.04,28.72,90.64,6.15,20.14,muskmelon
15.26,117.67,207.71,24.65,81.42,6.13,76.45,grapes
20.53,88.56,11.46,24.36,64.77,6.81,56.36,lentil
11.31,134.89,210.84,22.41,94.75,6.25,102.74,apple
26.86,45.86,16.83,28.89,79.99,6.51,58.81,mungbean
21.16,78.28,19.1,26.62,51.52,5.65,181.09,pigeonpeas
43.06,72.97,50.83,19.85,4.71,7.19,95.35,chickpea
130.91,40.14,53.81,23.04,79.56,6.69,78.01,cotton
35.35,62.43,73.44,18.45,21.3,7.5,104.94,chickpea
22.69,67.15,15.68,27.1,42.75,6.06,150.34,pigeonpeas
23.49,130.76,212.81,26.55,83.16,5.76,54.44,grapes
20.95,142.47,206.29,22.13,94.52,5.69,134.44,apple
17.6,58.3,17.5,18.68,23.01,5.76,112.7,kidneybeans
48.86,71.35,23.62,29.66,62.89,7.26,62.98,blackgram
45.21,50.58,18.71,29.56,64.26,6.99,69.79,blackgram
22.27,60.94,18.37,27.15,60.3,5.76,175.27,pigeonpeas
91.23,10.68,18.77,24.47,55.95,6.84,138.4,coffee
19.09,57.76,24.55,24.1,62.21,7.3,57.58,lentil
107.81,44.31,39.88,23.17,77.72,6.86,89.2,cotton
14.77,3.86,17.02,24.77,90.35,6.82,106.14,orange
19.96,16.18,30.33,23.54,93.97,6.8,101.18,pomegranate
19.16,12.04,9.05,23.4,92.76,7.05,152.5,orange
27.58,142.13,187.2,21.78,91.75,5.95,84.7,apple
21.55,44.41,14.75,28.44,47.54,6.94,82.52,mothbeans
106.24,32.85,29.95,25.89,54.57,6.47,157.98,coffee
21.87,76.06,16.14,24.82,68.51,6.62,46.12,lentil
72.39,48.21,15.8,25.03,67.12,6.21,106.49,maize
91.79,57.07,18.2,23.73,74.97,6.82,62.9,maize
11.67,24.44,35.52,21.35,87.04,6.2,113.05,pomegranate
106.0,19.75,70.88,28.1,89.06,6.21,20.78,muskmelon
74.87,37.38,25.63,21.59,67.32,6.43,118.05,maize
25.09,52.62,14.73,28.62,84.09,6.74,46.5,mungbean
82.84,40.55,34.71,25.25,78.9,6.55,130.23,jute
65.8,40.85,29.12,23.86,72.74,6.19,64.26,maize
18.18,82.11,29.47,22.94,63.38,6.65,55.88,lentil
43.71,57.55,80.32,19.02,15.02,7.45,70.07,chickpea
27.71,46.49,16.78,29.38,83.33,6.56,49.1,mungbean
25.29,13.26,34.84,26.71,94.69,5.8,176.07,coconut
20.27,23.52,25.59,25.56,96.81,5.59,171.69,coconut
124.44,39.19,48.5,26.13,85.17,6.78,71.03,cotton
22.15,50.78,24.19,19.36,27.53,5.71,108.28,kidneybeans
31.74,62.34,72.71,19.52,20.14,7.3,75.51,chickpea
26.82,51.01,15.81,27.58,50.48,6.92,67.06,mothbeans
103.38,23.46,36.75,26.51,60.39,6.62,150.83,coffee
50.69,74.75,20.54,29.85,62.3,7.15,79.67,blackgram
131.98,51.38,41.22,25.5,83.09,6.69,78.87,cotton
82.3,37.54,15.02,24.66,62.88,6.9,84.97,maize
21.19,40.59,26.13,28.77,56.27,7.14,43.17,mothbeans
20.26,68.47,19.69,25.05,63.62,6.87,63.07,lentil
25.2,75.6,26.4,19.71,12.97,5.68,117.99,kidneybeans
100.74,76.76,41.85,28.43,82.69,5.79,105.64,banana
86.15,18.54,44.47,25.81,85.16,6.63,49.93,watermelon
29.18,125.98,221.3,24.92,82.07,5.55,97.47,grapes
17.92,71.51,20.71,24.22,59.48,6.98,43.96,lentil
38.93,55.28,23.95,27.71,63.01,6.96,69.93,blackgram
77.95,32.4,37.29,24.71,75.95,6.53,243.66,rice
15.56,15.9,38.12,21.66,87.58,6.91,120.25,pomegranate
20.85,31.3,15.54,30.88,56.67,5.71,115.85,mango
17.35,13.95,39.86,26.26,96.24,5.96,181.39,coconut
122.42,43.99,49.19,22.05,80.79,7.28,79.3,cotton
22.13,39.73,18.48,27.58,55.71,6.65,63.14,mothbeans
19.09,54.09,17.23,29.14,85.95,7.09,46.05,mungbean
21.59,56.36,14.79,24.33,67.92,6.93,57.37,lentil
23.5,119.25,217.8,25.98,83.35,5.79,39.6,grapes
22.37,62.17,27.22,26.91,47.11,5.82,130.43,pigeonpeas
113.71,80.95,28.76,27.45,81.0,5.69,107.36,banana
82.16,31.16,33.04,23.5,64.39,6.43,59.62,maize
89.59,82.73,61.83,28.31,79.14,6.14,111.74,banana
96.46,23.4,50.0,28.8,89.22,6.68,23.44,muskmelon
16.49,123.63,167.91,24.93,83.0,5.96,43.72,grapes
17.79,62.91,17.49,25.14,61.57,7.15,67.33,lentil
91.83,17.77,45.29,26.47,79.19,6.52,41.33,watermelon
81.09,76.17,22.31,27.59,82.83,5.72,97.47,banana
20.68,119.01,222.25,22.14,93.76,6.23,97.72,apple
9.77,30.64,12.72,30.97,53.62,5.94,76.82,mango
21.81,39.93,21.53,28.07,68.54,6.9,46.43,mothbeans
97.47,97.79,54.39,28.15,73.91,5.96,111.57,banana
19.71,10.4,9.94,21.87,90.86,6.85,89.92,orange
21.24,16.28,13.17,23.14,92.9,6.51,115.38,orange
25.9,123.71,190.92,23.84,92.07,5.94,110.2,apple
69.76,46.1,49.14,24.58,80.75,7.01,161.77,jute
14.91,26.84,17.8,31.24,49.41,5.61,117.18,mango
64.66,46.91,37.37,23.63,78.31,6.3,273.4,rice
18.06,118.68,198.3,24.78,83.7,5.77,78.46,grapes
38.1,54.8,69.06,19.72,9.21,7.62,80.23,chickpea
60.24,49.58,54.51,33.22,92.87,6.54,112.16,papaya
83.03,46.01,24.53,22.58,68.81,5.98,84.78,maize
85.76,15.06,46.53,29.38,91.4,6.45,22.42,muskmelon
46.8,56.91,53.06,32.41,90.09,6.66,140.38,papaya
76.18,55.56,56.83,25.08,79.78,6.8,159.53,jute
69.96,48.1,17.91,21.08,75.54,6.77,105.45,maize
23.16,119.87,192.4,23.84,93.83,5.67,108.73,apple
21.07,63.51,23.45,28.58,55.35,6.03,167.38,pigeonpeas
103.99,29.48,20.27,23.35,57.22,6.94,152.75,coffee
22.45,127.03,197.23,23.47,94.27,5.52,139.15,apple
16.94,22.29,25.92,26.94,90.14,5.49,202.18,coconut
21.27,66.71,16.59,24.78,62.82,6.35,55.22,lentil
14.06,41.47,45.67,32.83,55.3,5.75,111.33,mango
79.36,12.51,65.08,30.35,92.77,6.32,23.67,muskmelon
72.61,46.39,45.5,24.4,76.06,7.03,182.78,jute
134.93,46.52,50.09,24.3,77.62,6.88,64.42,cotton
12.71,19.3,10.28,23.5,91.12,6.84,139.69,orange
10.2,16.21,41.3,22.22,89.75,6.42,119.67,pomegranate
31.37,71.78,20.95,30.12,62.82,7.35,47.72,blackgram
50.35,35.65,59.36,24.22,80.04,6.54,193.29,rice
20.03,58.58,23.18,27.13,53.73,7.26,48.83,mothbeans
99.37,17.43,61.25,28.55,92.65,6.75,16.17,muskmelon
109.35,3.38,51.9,26.8,90.61,6.7,69.53,watermelon
18.14,69.17,15.49,25.04,70.61,6.57,34.72,lentil
19.87,70.73,19.62,27.47,41.12,5.38,139.07,pigeonpeas
17.82,126.1,212.03,24.84,85.21,5.93,40.87,grapes
20.38,51.24,18.67,27.62,60.22,7.1,41.87,mothbeans
13.41,16.17,39.39,22.39,85.7,6.05,114.34,pomegranate
70.1,60.04,26.15,25.28,76.74,6.73,188.65,jute
81.72,17.55,33.15,26.29,84.25,7.02,62.78,watermelon
99.4,26.95,26.12,24.74,55.35,7.24,148.95,coffee
96.1,46.24,30.62,23.53,80.24,6.53,179.43,jute
26.48,134.87,196.69,20.99,91.65,6.03,140.93,apple
57.57,66.49,35.88,26.19,83.59,6.62,166.09,jute
26.72,8.89,5.14,24.25,91.19,7.11,123.62,orange
27.21,22.78,33.94,32.17,49.62,5.38,75.9,mango
23.03,73.43,17.13,22.02,22.58,5.14,88.96,kidneybeans
101.69,17.01,55.29,25.6,82.65,6.36,38.77,watermelon
20.57,72.99,20.15,28.78,49.18,5.74,167.63,pigeonpeas
112.91,55.14,47.16,24.34,74.07,7.1,85.02,cotton
23.17,6.86,9.64,22.78,94.31,6.85,102.37,orange
89.39,6.9,42.45,24.38,90.48,6.5,61.27,watermelon
106.33,14.51,45.67,28.27,94.56,6.42,33.23,muskmelon
96.74,43.69,56.23,24.26,74.84,7.58,63.45,cotton
23.53,73.44,25.24,22.71,14.42,5.5,95.14,kidneybeans
43.3,61.67,78.81,17.6,7.52,7.58,67.21,chickpea
37.13,59.58,13.06,28.58,63.86,6.73,54.99,blackgram
21.77,82.0,24.65,22.61,58.74,6.7,30.07,lentil
72.41,35.1,30.17,25.29,76.92,6.79,152.47,jute
12.39,21.25,40.92,21.99,93.7,6.4,96.11,pomegranate
99.4,14.76,42.27,29.57,88.09,6.44,22.19,muskmelon
17.96,30.01,32.23,27.86,93.88,5.79,198.56,coconut
100.34,84.31,42.11,28.12,78.54,5.74,96.32,banana
105.69,12.95,36.76,27.88,92.87,6.47,12.2,muskmelon
107.89,83.94,53.76,26.89,78.51,6.32,115.17,banana
86.88,42.98,25.64,23.62,60.53,6.54,97.57,maize
21.58,63.71,13.74,24.37,69.2,6.79,37.29,lentil
23.25,161.89,221.42,24.74,84.19,6.46,52.76,grapes
101.95,36.09,33.55,26.94,59.84,6.42,157.89,coffee
45.98,59.06,82.95,19.64,19.54,7.82,70.31,chickpea
20.83,54.95,23.51,29.0,83.29,6.74,45.79,mungbean
12.16,63.65,24.74,23.26,56.17,6.95,59.71,lentil
48.97,77.51,22.42,29.17,71.73,7.27,62.98,blackgram
108.51,81.93,44.58,28.0,79.9,5.65,134.56,banana
59.9,24.35,31.2,25.18,68.51,6.51,131.7,jute
17.45,26.66,13.05,30.9,50.56,5.66,119.59,mango
17.14,42.85,23.17,28.05,53.88,6.51,45.46,mothbeans
22.28,53.14,23.31,26.83,51.96,6.41,80.36,mothbeans
105.95,21.76,50.92,24.79,83.63,6.68,39.77,watermelon
34.23,63.38,18.53,29.28,66.8,7.23,53.85,blackgram
20.29,6.46,12.3,23.42,94.77,7.02,104.82,orange
98.25,25.05,48.83,26.24,92.06,6.61,42.58,watermelon
28.15,123.32,196.77,22.28,91.03,6.0,92.27,apple
26.37,127.9,204.56,21.32,92.66,5.59,106.19,apple
102.27,27.86,30.8,25.84,58.64,7.11,185.19,coffee
34.7,71.02,15.32,29.75,68.2,6.94,78.25,blackgram
106.42,24.71,46.32,26.94,81.87,6.2,59.28,watermelon
105.88,50.83,50.06,24.24,80.77,6.89,82.37,cotton
74.73,37.66,6.64,22.42,60.31,6.25,56.2,maize
38.87,65.89,19.05,30.54,71.39,7.29,78.44,blackgram
26.28,129.36,214.05,23.66,84.97,6.09,73.46,grapes
42.6,70.27,65.95,19.8,16.52,7.06,97.64,chickpea
25.03,126.85,204.47,25.0,82.52,5.51,72.44,grapes
22.92,29.69,38.22,27.11,93.75,5.15,199.51,coconut
113.86,86.44,48.92,27.9,80.62,5.93,110.41,banana
21.26,44.28,13.93,27.49,85.35,6.6,42.14,mungbean
22.6,45.06,16.36,30.11,57.51,7.04,57.92,mothbeans
112.14,46.98,35.5,25.24,82.86,7.15,100.04,cotton
18.66,73.3,18.56,18.93,17.58,6.2,102.5,kidneybeans
115.16,42.41,47.64,24.37,79.53,6.89,95.91,cotton
115.19,20.62,56.45,24.37,90.1,6.28,70.11,watermelon
24.48,10.68,42.54,28.11,94.22,5.69,199.7,coconut
5.35,133.69,200.27,24.63,85.83,5.92,79.79,grapes
21.38,140.64,200.62,22.89,89.74,6.09,105.22,apple
65.88,51.53,40.23,32.57,93.57,6.73,126.87,papaya
80.52,37.66,39.17,23.4,82.53,6.84,165.13,rice
105.3,12.23,40.42,25.97,81.49,6.7,50.84,watermelon
87.1,32.85,37.04,25.48,57.79,6.37,173.67,coffee
15.73,123.03,184.17,23.45,91.6,6.0,144.95,apple
20.12,125.92,174.43,22.54,78.28,6.02,82.91,grapes
18.33,33.03,21.13,30.44,40.65,5.16,120.17,mango
25.09,10.51,25.59,27.37,92.41,5.39,172.5,coconut
19.58,66.45,18.68,22.97,70.44,6.72,56.26,lentil
24.47,42.63,16.61,27.86,86.53,7.05,47.16,mungbean
94.41,26.77,68.98,28.34,90.95,6.04,25.47,muskmelon
31.87,11.95,30.8,27.76,94.18,5.67,158.73,coconut
20.02,20.21,8.45,23.32,97.86,7.07,109.99,orange
95.87,19.25,42.34,29.12,94.04,6.34,24.67,muskmelon
20.96,4.54,8.86,23.16,94.35,6.79,132.77,orange
23.82,85.47,22.61,29.02,44.57,5.86,132.97,pigeonpeas
24.67,137.3,194.4,21.81,95.95,6.11,118.45,apple
35.19,56.53,80.95,17.92,8.18,7.25,55.76,chickpea
42.38,61.1,14.95,30.69,69.57,7.54,91.45,blackgram
94.21,25.28,29.92,24.22,63.78,6.75,209.58,coffee
27.09,71.23,23.53,19.59,19.07,6.29,108.46,kidneybeans
23.37,11.26,23.3,26.55,97.36,6.41,180.31,coconut
43.22,64.53,77.64,17.65,18.45,6.9,91.53,chickpea
21.04,44.73,21.97,27.11,56.21,6.52,70.71,mothbeans
14.78,61.32,19.55,27.62,51.77,6.45,68.08,mothbeans
26.5,111.61,210.27,22.46,81.55,5.64,87.17,grapes
53.8,68.82,97.85,19.19,20.75,7.16,69.05,chickpea
21.72,13.99,12.01,23.85,92.95,7.07,103.44,orange
8.33,67.47,29.42,25.93,57.41,6.85,33.98,lentil
40.03,60.58,20.88,28.45,56.29,7.5,79.75,blackgram
85.91,88.07,51.66,26.08,81.45,5.96,113.26,banana
20.94,13.7,8.88,28.56,95.46,5.53,186.41,coconut
27.29,9.17,8.75,23.48,90.9,6.65,128.22,orange
78.82,46.64,24.06,22.14,76.81,5.7,218.01,rice
22.25,50.94,25.79,29.43,87.8,6.33,42.04,mungbean
17.73,10.6,33.66,27.81,89.4,5.87,193.62,coconut
17.07,141.0,199.66,24.02,81.46,5.9,59.58,grapes
26.68,33.27,20.47,29.99,52.48,6.38,46.25,mothbeans
20.97,14.58,24.44,27.16,98.54,5.93,150.82,coconut
22.63,65.12,22.94,19.85,19.55,5.64,137.33,kidneybeans
30.59,9.8,33.89,28.2,94.12,6.0,182.07,coconut
15.66,55.5,18.33,28.98,49.34,6.88,55.22,mothbeans
106.06,68.2,41.24,27.24,78.22,5.68,75.05,banana
25.79,9.47,13.31,21.3,88.97,6.38,122.79,orange
100.42,24.08,35.89,27.95,80.39,5.93,50.35,watermelon
111.79,35.79,45.48,24.74,66.09,7.22,155.35,coffee
40.07,68.12,12.16,29.47,63.51,7.24,74.0,blackgram
108.66,16.03,54.0,29.3,90.67,6.3,26.14,muskmelon
106.21,37.69,29.59,25.36,56.08,6.15,161.41,coffee
97.3,9.78,45.93,28.4,94.92,6.54,31.18,muskmelon
32.37,131.2,203.87,21.47,94.39,5.94,112.02,apple
86.99,81.86,39.17,27.08,83.18,6.05,81.29,banana
78.28,46.94,28.5,18.59,67.28,6.71,64.7,maize
117.83,13.31,20.79,29.54,91.62,6.26,21.47,muskmelon
38.41,61.19,18.19,31.41,70.34,7.23,67.67,blackgram
15.62,133.25,241.42,22.84,90.67,6.04,104.73,apple
35.72,60.96,24.98,30.61,67.21,7.38,42.3,blackgram
23.49,50.78,18.84,29.92,48.92,6.83,51.18,mothbeans
81.7,16.39,47.89,25.87,83.05,7.03,52.77,watermelon
103.29,73.68,50.05,27.65,75.34,5.93,100.15,banana
97.07,14.72,21.7,26.23,85.3,6.53,46.57,watermelon
26.39,62.41,22.24,27.86,64.22,6.72,44.15,mothbeans
73.47,44.39,41.5,21.96,81.76,6.48,211.81,rice
24.37,10.76,27.0,27.44,93.34,5.97,177.46,coconut
18.24,18.41,30.1,30.42,42.38,6.26,87.47,mango
26.72,126.2,183.26,24.11,80.3,6.01,53.88,grapes
13.89,20.89,48.67,20.84,90.16,6.12,104.28,pomegranate
16.97,61.7,17.26,18.47,19.83,5.78,98.61,kidneybeans
27.28,122.57,196.09,24.56,86.36,5.75,64.2,grapes
85.65,50.53,35.64,25.8,79.87,6.48,181.74,jute
82.35,52.89,30.22,24.0,88.37,5.9,201.13,rice
128.44,54.45,43.59,24.99,82.0,6.73,98.8,cotton
23.9,52.6,21.11,28.22,83.08,6.88,53.26,mungbean
38.45,57.1,23.71,28.94,64.09,7.12,77.3,blackgram
19.26,71.32,16.53,21.84,21.66,6.15,109.18,kidneybeans
73.34,41.86,40.93,23.96,85.05,6.47,256.01,rice
21.4,125.6,213.9,22.28,75.94,5.97,71.15,grapes
19.59,159.59,204.71,22.31,92.09,6.05,140.13,apple
18.14,15.91,37.23,23.51,87.59,6.25,131.16,pomegranate
24.84,49.01,15.17,27.34,57.52,6.01,139.53,pigeonpeas
83.96,53.85,24.15,24.91,72.55,6.17,91.71,maize
87.17,57.27,21.29,24.04,66.66,6.11,97.56,maize
16.94,128.78,201.65,22.5,90.15,5.61,79.42,apple
19.95,54.89,15.51,27.65,51.53,5.95,160.5,pigeonpeas
23.39,7.44,38.14,27.2,98.82,6.36,164.88,coconut
14.58,80.63,17.3,27.8,42.4,5.94,137.93,pigeonpeas
56.17,48.61,51.34,33.12,91.25,6.45,131.83,papaya
53.02,53.18,26.44,33.34,96.0,6.57,157.23,papaya
43.75,56.62,97.77,19.43,16.86,7.74,83.23,chickpea
18.03,18.26,4.6,22.58,92.4,6.94,127.11,orange
85.38,31.73,41.88,21.99,83.56,6.16,201.09,rice
31.88,2.8,5.03,23.22,95.74,7.08,121.53,orange
22.08,64.87,18.46,24.5,64.93,7.07,71.35,lentil
19.09,31.75,24.26,32.79,50.5,5.9,91.25,mango
111.34,82.08,26.63,26.52,82.69,5.55,99.77,banana
102.2,76.87,32.09,28.15,73.88,5.82,104.13,banana
81.99,36.43,43.58,25.21,79.09,6.85,165.97,jute
21.37,121.72,207.01,24.16,80.51,6.53,61.17,grapes
49.69,60.43,28.7,34.14,92.49,6.57,146.24,papaya
16.18,121.98,224.73,24.1,92.39,6.01,97.31,apple
18.02,119.84,211.05,21.63,80.55,6.37,70.09,grapes
87.85,12.91,38.5,25.18,86.3,6.53,72.72,watermelon
119.2,45.68,55.6,24.74,73.88,7.05,78.49,cotton
14.68,72.02,24.71,21.1,19.81,6.11,119.84,kidneybeans
94.25,15.15,54.63,26.24,84.31,6.77,50.13,watermelon
28.3,57.8,25.64,27.11,58.87,5.96,131.73,pigeonpeas
18.86,56.59,16.09,24.32,64.75,7.07,60.39,lentil
98.15,19.94,45.01,28.44,91.95,7.09,14.0,muskmelon
98.38,88.96,52.03,26.28,80.13,5.63,103.27,banana
11.44,72.06,23.83,27.13,63.24,6.79,34.91,lentil
11.17,135.21,205.15,23.37,92.25,5.83,144.78,apple
17.07,70.49,23.98,19.77,21.89,5.92,89.45,kidneybeans
23.56,25.53,33.63,30.39,53.24,5.61,106.92,mango
91.97,59.49,12.99,25.13,62.65,6.56,86.22,maize
20.2,9.14,3.43,22.02,94.6,6.96,115.18,orange
13.39,32.78,28.49,33.24,48.1,6.01,110.15,mango
17.46,11.58,31.4,27.06,97.89,5.9,177.29,coconut
92.74,34.98,34.91,24.35,84.67,6.53,189.8,rice
19.98,10.88,9.01,22.4,95.44,6.71,121.3,orange
108.73,48.94,40.17,25.63,62.76,6.42,128.53,coffee
129.65,46.32,67.01,23.48,83.31,7.13,71.2,cotton
19.33,62.84,24.82,27.42,54.32,5.91,143.17,pigeonpeas
42.9,67.95,12.35,30.48,64.59,7.44,58.8,blackgram
91.84,18.35,47.67,28.51,91.28,6.76,26.5,muskmelon
22.29,37.02,16.61,26.78,86.22,6.59,34.12,mungbean
92.23,44.35,29.42,25.27,49.18,6.88,138.33,coffee
96.04,36.34,40.86,25.27,76.39,6.02,192.16,rice
83.67,22.27,31.61,28.1,93.34,6.47,23.85,muskmelon
47.1,52.67,52.96,36.38,93.4,6.72,131.03,papaya
47.24,64.78,52.88,34.1,92.73,6.85,152.53,papaya
25.34,37.54,22.98,27.94,90.3,6.94,38.92,mungbean
21.96,137.37,198.76,22.56,87.56,6.25,65.98,grapes
20.92,37.39,33.14,32.53,48.76,5.56,91.84,mango
20.81,45.83,18.44,28.42,85.26,6.68,51.52,mungbean
35.18,72.96,83.96,17.65,14.0,7.19,75.88,chickpea
66.75,52.6,22.74,19.92,64.69,6.55,104.07,maize
15.63,27.56,28.13,30.69,48.44,6.08,86.62,mango
27.31,20.52,35.26,22.49,95.45,6.04,94.36,pomegranate
19.36,22.72,31.59,26.94,94.53,6.29,196.0,coconut
20.64,36.3,28.82,32.12,43.03,5.64,95.39,mango
67.24,59.92,19.69,24.54,67.35,6.49,68.78,maize
26.59,14.64,31.99,26.79,97.36,5.78,206.75,coconut
22.43,53.97,19.56,29.11,51.63,6.77,39.27,mothbeans
96.08,73.99,42.29,26.97,80.46,6.02,101.95,banana
24.86,19.96,36.13,25.85,94.92,5.87,174.08,coconut
94.63,30.49,34.88,22.59,80.64,5.99,254.78,rice
20.89,70.74,15.32,27.73,40.8,6.18,137.41,pigeonpeas
84.08,24.9,23.79,23.3,62.83,6.64,178.11,coffee
42.35,70.73,79.08,18.48,25.76,7.23,71.68,chickpea
26.33,23.99,19.19,27.95,97.39,6.24,129.88,coconut
16.16,88.98,23.1,27.4,55.05,5.98,182.42,pigeonpeas
56.35,56.82,48.84,33.46,92.81,6.86,162.05,papaya
99.44,9.86,54.29,28.48,93.36,6.62,21.35,muskmelon
18.51,42.81,15.46,27.47,81.0,6.68,43.07,mungbean
93.37,38.76,34.43,23.43,82.85,6.45,206.64,rice
110.02,34.94,17.15,26.55,56.15,6.85,141.22,coffee
40.19,67.84,17.64,29.59,65.09,7.14,54.37,blackgram
17.14,22.29,25.52,23.77,96.21,5.72,105.54,pomegranate
20.98,136.61,214.54,22.82,89.59,5.77,115.66,apple
108.84,14.33,56.54,24.27,79.58,6.44,33.75,watermelon
44.27,57.37,74.34,18.4,22.2,7.42,78.04,chickpea
91.82,14.68,55.99,26.74,93.11,6.37,46.43,watermelon
109.4,88.67,32.13,28.29,79.03,6.18,89.44,banana
100.84,35.01,34.91,26.71,47.49,7.13,166.71,coffee
93.52,38.98,32.63,24.78,57.68,6.83,158.64,coffee
25.42,70.49,21.29,20.26,24.53,6.47,120.54,kidneybeans
22.29,45.47,14.49,28.8,53.06,7.06,60.48,mothbeans
80.35,10.49,50.1,23.74,84.11,6.11,69.04,watermelon
27.51,68.64,19.13,30.05,73.22,7.46,78.21,blackgram
118.38,79.1,60.99,26.65,81.66,5.32,87.05,banana
92.22,54.62,40.11,22.85,73.8,6.52,67.54,cotton
23.67,78.11,18.78,17.94,24.57,5.21,109.94,kidneybeans
87.41,58.69,21.42,21.85,67.73,6.12,84.97,maize
82.79,19.7,43.04,29.3,94.93,6.45,18.86,muskmelon
26.08,12.23,11.32,23.54,93.67,6.81,121.98,orange
16.8,23.53,37.17,21.17,94.78,6.52,133.53,pomegranate
74.33,35.42,9.19,23.58,63.92,6.1,85.15,maize
115.27,14.25,36.76,28.9,94.45,6.6,24.42,muskmelon
29.79,120.58,194.71,24.53,81.51,5.83,82.11,grapes
41.43,58.44,71.33,33.03,93.29,6.81,132.39,papaya
92.12,18.16,56.8,28.31,93.95,6.0,18.75,muskmelon
15.1,11.71,10.42,24.09,92.79,6.9,112.0,orange
102.83,13.87,50.77,29.19,96.22,6.46,24.75,muskmelon
63.38,60.28,41.55,22.83,85.37,6.98,164.58,jute
24.95,150.65,218.51,24.17,78.33,5.82,93.21,grapes
88.96,30.4,49.74,25.4,77.18,6.51,215.71,jute
84.48,49.24,47.03,25.27,76.78,6.6,161.62,jute
94.16,23.69,26.61,26.23,54.7,6.78,152.43,coffee
107.89,58.8,53.3,24.54,84.12,6.38,92.14,cotton
22.68,13.96,37.03,20.56,88.34,6.91,129.31,pomegranate
94.13,39.06,31.83,22.35,81.29,6.86,77.38,cotton
27.2,64.08,19.5,21.03,30.45,5.56,104.73,kidneybeans
24.07,14.1,9.75,22.88,95.38,7.01,112.14,orange
107.2,35.25,40.09,24.77,59.92,6.86,161.71,coffee
24.82,72.46,19.73,20.29,17.98,6.01,87.21,kidneybeans
31.62,147.42,201.19,23.97,79.79,5.92,73.71,grapes
27.06,140.7,217.5,23.54,85.51,5.59,53.34,grapes
37.04,69.27,56.75,19.09,24.51,7.23,84.64,chickpea
19.01,14.84,19.21,33.25,45.83,6.17,81.92,mango
16.97,17.5,34.74,21.86,91.67,6.46,100.2,pomegranate
56.48,60.16,50.93,34.24,91.11,7.09,142.97,papaya
14.04,68.16,18.39,19.43,30.05,5.92,116.62,kidneybeans
103.25,15.28,24.54,23.5,56.12,7.11,136.28,coffee
14.92,17.62,30.12,23.36,92.99,6.52,89.69,pomegranate
16.58,47.66,19.34,29.18,91.02,6.84,43.6,mungbean
46.46,47.92,38.14,33.43,89.76,6.82,134.68,papaya
17.67,87.43,21.35,20.61,14.85,5.48,124.81,kidneybeans
23.07,44.36,18.8,27.48,48.52,6.56,43.58,mothbeans
27.31,14.94,29.32,27.09,91.79,6.36,192.4,coconut
18.58,69.2,25.02,25.19,64.58,7.25,71.38,lentil
13.15,21.04,32.99,21.31,90.1,6.57,81.41,pomegranate
20.06,13.68,28.67,30.45,53.87,6.05,103.07,mango
17.59,65.85,26.19,25.26,73.6,7.01,42.03,lentil
30.39,67.69,25.48,30.03,64.0,6.9,90.85,blackgram
99.59,82.79,45.59,27.77,84.45,6.16,115.99,banana
103.98,14.81,59.57,25.54,90.16,6.35,66.48,watermelon
83.15,90.32,44.53,27.66,84.12,5.61,104.28,banana
86.33,17.88,48.82,26.14,87.49,6.63,47.66,watermelon
18.31,7.96,10.33,22.34,93.65,6.57,124.35,orange
68.0,37.45,12.35,23.03,71.52,6.15,39.97,maize
16.51,63.0,25.07,25.59,65.63,7.15,43.11,lentil
109.97,87.19,67.61,27.82,86.29,6.23,76.11,banana
20.54,68.96,23.24,21.28,21.59,6.0,93.77,kidneybeans
62.18,47.73,54.85,35.43,93.67,6.39,119.93,papaya
20.05,53.72,14.75,27.46,85.29,6.74,45.52,mungbean
31.79,16.82,29.88,26.82,94.23,5.53,143.21,coconut
131.62,40.77,39.47,24.04,79.93,6.7,108.81,cotton
17.85,21.98,31.59,21.43,86.65,6.81,105.61,pomegranate
47.2,52.67,53.36,34.35,93.57,6.75,145.87,papaya
82.17,34.22,21.61,23.7,67.17,6.45,59.72,maize
121.85,38.55,56.35,24.94,76.65,7.26,85.58,cotton
16.2,159.24,213.94,22.88,91.62,5.84,137.68,apple
24.5,134.64,199.03,24.15,82.37,5.21,66.12,grapes
94.79,18.58,20.78,25.19,65.48,6.59,148.07,coffee
106.85,38.62,30.06,26.19,63.42,7.07,178.32,coffee
108.1,14.31,32.41,25.44,88.69,6.15,76.7,watermelon
54.47,69.94,43.22,25.04,80.78,6.36,156.51,jute
43.37,78.14,15.44,30.37,65.58,6.67,92.71,blackgram
25.29,30.86,36.86,29.91,49.71,5.76,91.59,mango
123.93,53.09,53.92,24.67,79.35,7.35,93.49,cotton
67.24,30.93,32.64,24.3,82.5,6.61,225.04,rice
23.2,3.05,6.83,24.39,100.0,7.35,126.55,orange
25.19,146.81,183.93,24.22,79.73,6.08,78.26,grapes
37.36,85.78,11.37,30.21,60.82,7.38,71.88,blackgram
22.9,42.46,22.61,28.2,84.65,6.9,32.71,mungbean
97.14,12.29,61.46,22.34,83.67,6.49,43.73,watermelon
92.29,42.4,34.42,22.26,58.91,6.29,65.63,maize
17.69,66.7,19.68,26.32,63.84,6.95,37.35,lentil
17.86,69.24,18.03,20.38,24.92,5.93,101.57,kidneybeans
14.58,151.66,184.56,23.5,83.87,6.39,67.6,grapes
84.0,32.76,36.97,25.26,80.75,6.62,210.86,rice
20.41,9.63,4.72,24.24,94.33,6.73,106.49,orange
42.99,49.04,79.57,20.5,17.43,7.36,88.67,chickpea
30.48,124.02,215.72,23.28,82.58,6.03,77.94,grapes
103.02,14.32,51.34,29.28,94.69,6.46,15.11,muskmelon
26.21,162.77,197.97,22.39,89.8,6.13,114.9,apple
22.32,66.73,15.34,24.2,60.01,7.5,45.04,lentil
18.68,44.29,10.74,28.98,58.36,6.65,55.18,mothbeans
17.86,57.64,20.4,26.92,63.6,6.82,55.61,mothbeans
81.39,37.86,29.3,24.47,70.1,5.85,99.92,maize
39.83,62.06,85.82,19.28,16.96,7.14,82.82,chickpea
21.28,16.1,33.3,20.71,91.16,6.94,100.95,pomegranate
120.22,19.56,60.32,22.52,84.41,6.81,61.17,watermelon
18.37,11.85,9.69,21.34,90.08,7.32,112.26,orange
28.4,48.69,8.33,28.12,65.33,7.06,41.27,mothbeans
85.15,49.62,15.41,24.44,73.2,6.41,102.53,maize
25.23,61.2,5.3,26.11,55.91,5.68,136.24,pigeonpeas
17.91,15.34,41.03,22.07,89.16,6.8,126.33,pomegranate
14.49,64.87,22.82,29.22,52.71,5.38,145.05,pigeonpeas
29.07,128.85,189.65,24.93,82.04,6.28,61.78,grapes
16.89,44.08,13.94,27.05,54.81,6.54,54.83,mothbeans
16.32,56.28,27.64,19.44,21.49,5.61,89.89,kidneybeans
20.34,43.47,19.11,28.25,57.0,6.8,55.79,mothbeans
87.27,50.78,41.31,24.76,78.59,6.97,166.6,jute
14.18,153.52,221.21,23.28,91.92,5.65,102.48,apple
127.77,36.52,41.99,23.54,84.02,6.75,87.33,cotton
22.06,77.06,21.92,25.25,66.88,7.18,27.81,lentil
81.17,30.46,25.58,25.05,56.58,6.54,134.81,coffee
78.48,102.18,45.75,27.51,82.11,6.18,109.38,banana
20.19,128.53,208.88,23.04,81.01,5.92,64.62,grapes
21.68,46.11,14.28,29.29,86.78,6.6,50.45,mungbean
39.25,64.87,56.79,33.23,94.73,6.75,156.95,papaya
77.01,51.17,25.37,22.78,65.95,6.5,83.93,maize
100.99,29.14,18.78,27.79,57.73,6.81,147.48,coffee
87.8,15.53,24.64,26.01,79.35,6.82,64.01,watermelon
22.69,74.53,24.85,26.65,52.57,5.71,106.23,pigeonpeas
42.36,72.15,20.6,29.75,61.94,7.21,63.67,blackgram
21.0,50.08,29.46,28.77,78.37,6.82,49.38,mungbean
38.96,76.68,79.68,19.32,16.12,7.25,61.3,chickpea
13.34,70.5,12.12,27.13,46.98,5.67,139.93,pigeonpeas
87.14,41.93,35.09,25.44,80.46,6.41,244.53,rice
111.54,32.61,25.71,23.85,54.73,6.61,145.03,coffee
110.86,30.79,26.96,25.73,60.45,7.08,139.08,coffee
82.76,60.27,6.83,22.12,60.96,6.3,74.71,maize
19.12,5.53,14.1,23.54,95.06,6.56,139.53,orange
96.6,22.19,62.6,29.57,91.96,5.9,24.11,muskmelon
23.6,117.03,191.94,22.79,90.6,6.05,108.08,apple
51.36,50.52,53.32,34.9,91.84,6.51,139.8,papaya
35.94,78.98,16.61,29.86,72.46,7.06,84.11,blackgram
89.98,16.02,47.91,26.31,86.39,6.27,47.42,watermelon
40.61,49.93,82.67,18.05,17.7,6.95,88.6,chickpea
11.09,8.73,9.1,24.22,91.19,7.09,114.39,orange
17.62,17.86,45.13,19.13,90.61,6.52,129.29,pomegranate
34.54,47.2,55.93,33.42,95.3,6.9,148.39,papaya
17.13,131.56,211.43,21.96,92.4,6.13,99.81,apple
20.38,80.18,26.33,19.08,21.42,5.77,89.22,kidneybeans
14.79,70.35,18.83,19.41,21.96,6.63,118.35,kidneybeans
112.71,17.03,37.45,25.34,78.73,6.16,57.99,watermelon
61.8,52.52,30.52,24.95,78.62,7.18,177.77,jute
23.37,26.86,38.07,30.77,58.48,6.36,98.95,mango
20.5,26.48,36.4,21.93,88.45,6.57,80.39,pomegranate
33.48,77.17,14.31,29.36,62.44,7.11,72.2,blackgram
98.1,49.49,50.26,24.73,81.73,7.36,94.96,cotton
31.29,61.25,16.46,19.59,19.54,5.46,60.8,kidneybeans
28.48,9.08,35.15,27.2,96.65,5.72,176.54,coconut
68.04,43.9,36.24,23.71,83.68,6.53,255.63,rice
10.38,72.51,31.86,25.22,60.18,7.02,33.19,lentil
69.66,61.36,12.59,20.62,62.87,6.39,83.16,maize
27.35,74.92,92.22,19.42,13.38,7.51,93.05,chickpea
113.73,19.13,31.63,28.28,93.69,6.32,34.72,muskmelon
22.62,3.68,6.68,22.34,93.33,6.92,109.72,orange
16.62,23.06,28.42,22.37,93.15,6.55,115.25,pomegranate
42.86,67.99,80.4,19.67,9.09,6.85,84.83,chickpea
21.87,78.93,27.12,24.8,67.1,6.9,51.28,lentil
75.7,41.32,26.47,22.65,63.89,6.24,89.02,maize
27.33,59.69,13.78,19.86,21.22,5.45,100.12,kidneybeans
25.38,12.1,23.36,27.15,97.8,6.0,169.94,coconut
108.28,12.19,45.29,28.53,92.38,6.4,24.6,muskmelon
105.93,16.84,55.42,25.86,86.07,6.44,43.28,watermelon
14.62,39.62,14.8,26.85,59.09,7.46,45.29,mothbeans
83.55,39.0,12.71,24.26,63.24,5.87,92.99,maize
78.1,50.24,20.31,22.3,59.89,6.23,71.57,maize
22.78,51.64,21.4,28.24,56.13,7.07,61.93,mothbeans
44.38,53.72,80.25,18.72,18.27,7.34,60.65,chickpea
44.81,59.21,17.91,29.66,66.23,6.56,79.58,blackgram
82.54,38.73,42.42,25.16,73.54,7.2,206.14,jute
48.98,55.12,31.43,34.97,91.81,6.55,122.69,papaya
8.74,56.5,28.43,19.35,13.27,6.14,105.21,kidneybeans
82.82,15.37,26.62,30.14,93.49,6.32,18.34,muskmelon
20.21,9.21,3.43,24.15,96.51,7.38,127.28,orange
40.3,59.97,17.71,29.66,62.01,7.25,71.05,blackgram
29.84,58.37,12.7,23.64,64.39,7.19,51.91,lentil
83.06,36.37,22.47,25.47,67.63,6.16,75.87,maize
22.03,53.5,28.61,28.35,52.49,7.22,62.61,mothbeans
23.68,19.57,34.34,21.69,91.37,6.45,98.98,pomegranate
21.16,45.5,12.07,27.37,60.06,6.93,35.12,mothbeans
109.53,20.27,60.99,24.47,79.9,6.5,82.89,watermelon
87.12,21.77,36.25,26.15,89.85,6.95,59.12,watermelon
24.82,54.47,18.2,28.27,80.28,6.43,52.18,mungbean
73.19,49.78,38.76,23.19,80.77,6.56,247.23,rice
103.81,16.18,69.99,29.34,90.8,6.11,28.4,muskmelon
17.73,77.73,17.37,27.54,46.91,5.25,129.76,pigeonpeas
91.29,39.09,33.28,22.71,84.28,6.62,252.21,rice
122.51,39.9,17.85,25.18,61.15,6.66,195.66,coffee
16.5,40.26,30.72,28.04,49.51,7.2,54.38,mothbeans
41.93,70.15,95.78,18.05,16.68,7.62,98.7,chickpea
95.76,87.25,38.86,27.31,83.67,6.04,124.96,banana
15.09,46.63,11.7,27.25,56.78,6.82,47.17,mothbeans
32.51,71.69,75.34,20.8,9.95,7.39,65.21,chickpea
23.93,60.35,19.37,23.74,62.61,7.36,47.03,lentil
98.45,13.16,50.07,25.32,83.17,6.95,55.57,watermelon
21.26,33.53,26.27,30.4,55.64,5.34,112.52,mango
73.42,56.24,42.64,25.75,81.86,6.96,208.86,jute
37.17,60.68,50.73,33.15,91.37,6.84,168.03,papaya
19.1,66.27,21.88,26.27,66.54,7.07,46.51,lentil
45.08,75.99,57.68,35.04,91.66,6.96,168.69,papaya
94.96,17.99,36.41,25.83,80.37,6.21,28.79,watermelon
34.82,79.64,66.5,20.18,16.77,7.05,71.52,chickpea
24.15,42.41,13.83,27.09,80.8,6.48,37.22,mungbean
72.27,25.67,56.36,30.67,90.74,6.01,25.04,muskmelon
20.14,60.68,16.3,19.72,21.98,5.93,122.29,kidneybeans
16.93,57.6,21.02,28.65,82.49,6.3,37.61,mungbean
52.37,57.58,40.45,33.55,93.98,6.61,150.92,papaya
29.13,67.71,24.14,27.65,48.65,5.63,151.03,pigeonpeas
25.21,51.65,13.34,27.0,55.4,6.48,48.29,mothbeans
102.26,29.26,31.48,26.24,64.39,6.59,156.55,coffee
16.89,41.99,23.22,28.21,84.16,7.28,52.52,mungbean
107.09,28.26,26.66,25.14,87.55,6.41,64.64,watermelon
24.25,124.13,213.2,25.19,80.15,5.46,75.99,grapes
37.27,55.52,65.9,18.76,13.98,7.43,87.34,chickpea
77.9,19.35,50.06,26.42,87.15,6.45,52.9,watermelon
22.73,27.25,21.51,32.96,45.92,5.96,97.8,mango
15.6,9.88,4.51,23.1,92.94,7.11,97.45,orange
15.96,8.45,14.61,23.53,94.46,7.11,116.94,orange
64.1,23.42,31.06,23.15,80.97,6.98,267.97,rice
78.43,39.67,34.76,24.24,80.41,6.03,201.22,rice
21.34,131.43,208.34,23.43,81.09,5.94,87.64,grapes
84.81,51.41,11.36,24.76,62.8,5.81,66.19,maize
20.29,54.06,18.86,27.75,52.11,6.5,55.76,mothbeans
20.53,69.85,23.25,24.07,72.38,6.83,37.25,lentil
118.68,42.06,56.71,24.2,82.01,7.32,100.6,cotton
75.76,35.84,46.5,23.99,75.79,6.55,220.83,rice
22.08,123.43,192.51,22.24,90.72,6.02,119.69,apple
10.42,11.11,5.15,22.59,90.92,6.74,111.53,orange
21.09,119.25,230.71,23.78,86.09,6.22,63.75,grapes
14.8,63.4,13.63,26.15,44.82,5.5,158.92,pigeonpeas
18.47,19.86,28.47,27.61,94.97,5.73,170.26,coconut
115.84,29.11,22.3,23.04,63.53,6.94,164.21,coffee
14.23,12.62,12.83,22.49,89.77,6.47,101.77,orange
11.77,12.59,10.9,22.54,92.86,6.54,132.94,orange
20.3,77.41,14.67,18.28,24.18,5.94,112.68,kidneybeans
93.45,37.45,31.53,24.63,77.37,6.78,77.97,cotton
97.15,16.1,49.67,26.71,85.93,6.2,68.85,watermelon
95.59,84.52,52.04,27.88,78.54,6.18,90.5,banana
97.0,70.72,51.78,27.07,77.54,5.57,79.98,banana
103.63,18.53,45.19,28.72,88.63,6.63,25.97,muskmelon
23.8,13.06,13.9,23.3,93.47,7.63,106.48,orange
24.31,116.8,193.0,23.16,80.4,5.95,57.81,grapes
20.66,41.06,19.35,28.0,82.67,6.28,45.41,mungbean
14.06,72.5,10.6,19.79,19.78,5.07,111.22,kidneybeans
28.63,131.58,197.03,21.52,80.92,5.59,72.65,grapes
72.13,26.51,33.39,24.0,81.37,6.32,232.54,rice
96.51,53.79,38.56,23.24,87.12,6.07,211.95,rice
42.8,61.14,52.61,33.53,97.14,6.7,137.97,papaya
28.89,39.62,23.05,27.58,53.36,6.67,57.74,mothbeans
40.23,71.74,19.35,30.58,62.06,6.86,59.7,blackgram
72.06,43.52,44.19,24.03,77.06,5.71,238.52,rice
20.95,45.48,31.13,27.85,86.39,6.52,66.86,mungbean
22.96,65.67,19.31,20.01,22.5,5.99,113.88,kidneybeans
39.28,66.47,23.12,28.39,69.45,7.35,84.28,blackgram
20.45,53.89,11.23,28.03,82.09,7.23,57.76,mungbean
80.68,42.31,45.05,21.95,80.88,6.26,219.11,rice
19.76,73.3,10.57,24.12,69.72,7.05,5.0,lentil
100.52,87.56,31.43,28.43,79.35,6.13,114.93,banana
20.85,69.78,13.07,17.71,22.23,5.84,124.35,kidneybeans
74.82,52.09,45.1,22.86,78.45,6.41,202.94,rice
60.51,73.85,47.79,34.04,92.41,7.19,104.96,papaya
68.81,31.26,20.69,24.0,74.29,6.41,78.31,maize
23.96,75.37,32.02,19.52,19.68,5.99,118.11,kidneybeans
106.7,89.53,51.63,27.22,84.99,5.85,111.26,banana
41.34,68.02,82.82,18.34,16.54,6.94,82.89,chickpea
39.86,62.4,69.28,18.62,12.48,7.42,64.9,chickpea
19.07,17.89,32.83,29.5,50.79,5.43,83.11,mango
97.45,21.19,51.4,28.24,90.88,6.61,24.5,muskmelon
108.69,19.7,52.73,25.71,87.69,6.7,53.9,watermelon
39.05,73.04,15.84,29.76,65.46,7.2,74.42,blackgram
110.36,75.94,50.27,26.37,79.79,5.8,98.55,banana
80.37,54.68,45.65,24.79,78.15,6.73,181.99,jute
77.58,20.84,36.49,25.25,58.3,7.11,144.46,coffee
24.74,25.13,31.3,26.49,91.16,6.14,156.88,coconut
111.57,59.3,47.48,21.91,75.21,6.64,94.08,cotton
22.61,44.56,21.57,28.05,45.88,6.83,37.79,mothbeans
41.15,78.19,56.56,20.17,18.4,7.61,63.92,chickpea
17.33,52.84,17.69,28.36,89.32,6.52,49.91,mungbean
58.72,63.64,49.4,33.07,91.33,6.36,138.19,papaya
23.81,70.76,18.13,28.26,50.99,6.7,69.53,mothbeans
114.7,50.18,46.82,24.5,75.13,7.09,95.37,cotton
23.17,74.17,13.04,27.95,86.76,6.84,68.5,mungbean
96.16,22.85,45.49,28.57,94.39,6.72,31.13,muskmelon
104.34,66.97,23.62,27.7,81.69,6.11,96.6,banana
16.89,125.36,183.2,21.41,93.01,5.99,133.52,apple
80.92,33.3,35.24,21.92,78.89,6.29,259.5,rice
110.28,11.43,39.82,28.09,92.53,6.67,32.16,muskmelon
76.63,38.86,44.92,21.62,82.58,6.28,288.74,rice
23.27,42.44,31.6,29.21,89.41,6.95,67.53,mungbean
89.42,16.3,52.04,25.09,92.07,6.57,50.32,watermelon
95.77,40.95,45.22,23.22,76.11,6.94,115.02,cotton
40.99,62.24,77.29,18.71,13.96,7.46,84.34,chickpea
121.65,11.71,52.57,24.64,84.07,7.0,45.87,watermelon
24.22,69.11,16.07,19.91,27.63,5.92,77.62,kidneybeans
100.75,12.99,39.8,25.36,87.2,6.55,45.16,watermelon
18.09,26.64,18.17,29.12,94.98,6.1,205.36,coconut
19.69,72.23,15.54,24.36,64.72,6.5,34.39,lentil
30.32,136.16,210.63,24.41,86.09,6.17,54.07,grapes
22.31,8.04,6.28,23.18,90.14,7.32,109.28,orange
93.56,60.23,21.79,24.63,65.36,6.33,65.32,maize
77.63,41.41,42.37,23.25,75.85,6.5,285.37,rice
60.37,47.89,18.45,22.44,65.16,6.33,102.06,maize
43.93,74.71,77.29,18.16,13.43,6.93,84.32,chickpea
78.75,51.85,34.05,22.71,82.71,6.65,237.32,rice
18.07,47.5,20.92,29.6,51.65,7.08,65.78,mothbeans
90.64,30.86,40.05,26.82,82.78,6.83,239.56,rice
107.59,23.68,43.18,26.88,87.22,6.45,48.14,watermelon
18.73,14.25,22.06,25.84,94.57,6.18,145.63,coconut
58.46,29.87,25.57,22.69,66.55,5.9,84.58,maize
81.67,62.55,20.92,21.1,64.75,6.26,60.43,maize
16.76,58.84,9.64,23.35,65.25,7.21,40.4,lentil
30.62,73.59,24.62,29.83,66.42,7.0,57.0,blackgram
76.5,64.94,18.81,23.22,64.14,6.29,85.11,maize
79.29,42.67,40.41,22.78,85.15,6.62,232.53,rice
80.88,55.92,40.6,26.36,82.84,6.6,170.92,jute
18.34,15.24,29.96,26.88,95.46,6.08,223.8,coconut
21.17,62.25,17.54,27.77,59.97,6.73,59.67,mothbeans
20.08,15.27,29.1,28.43,97.3,6.51,140.25,coconut
17.08,21.18,36.97,21.58,90.51,6.49,91.54,pomegranate
79.0,48.01,30.31,18.92,58.21,5.94,78.46,maize
31.79,66.29,71.8,18.99,15.35,7.71,88.09,chickpea
94.29,20.18,26.03,26.4,79.38,6.1,45.34,watermelon
23.75,72.92,20.21,28.2,48.59,5.91,136.66,pigeonpeas
85.66,26.19,48.14,24.19,82.74,6.04,58.19,watermelon
14.99,56.63,18.06,25.01,58.24,7.14,53.63,lentil
86.24,21.24,45.2,29.97,89.49,6.45,20.8,muskmelon
78.33,46.53,45.0,25.2,80.18,6.27,223.59,rice
93.19,21.47,32.96,24.05,62.53,6.92,152.0,coffee
9.6,71.57,24.75,24.96,67.14,6.82,27.39,lentil
27.3,67.52,11.6,31.19,65.51,6.89,58.92,blackgram
98.77,24.96,49.84,29.02,90.8,6.12,21.34,muskmelon
76.1,37.06,9.06,23.63,63.55,5.98,83.27,maize
17.66,67.35,25.3,27.59,44.35,5.65,152.41,pigeonpeas
88.98,53.03,32.24,22.63,86.68,6.34,276.31,rice
20.3,48.74,19.24,28.17,46.5,6.58,49.21,mothbeans
104.73,9.19,44.28,29.85,90.21,6.29,25.08,muskmelon
81.06,12.99,41.46,28.82,89.86,6.97,25.26,muskmelon
33.94,126.96,192.49,23.5,82.19,5.88,68.41,grapes
21.86,13.47,49.94,21.54,87.84,6.59,103.96,pomegranate
105.27,8.11,64.12,25.76,84.87,6.21,59.41,watermelon
70.93,35.22,44.41,25.25,75.11,6.67,169.95,jute
119.27,51.34,53.9,24.05,88.87,6.66,72.51,cotton
102.21,41.75,49.01,23.95,82.68,7.19,77.47,cotton
46.61,58.46,22.98,30.61,66.06,7.44,70.44,blackgram
22.18,17.88,32.16,20.45,89.53,6.3,110.08,pomegranate
21.46,69.46,24.2,18.81,22.34,6.15,77.25,kidneybeans
40.32,66.93,91.7,18.76,14.12,7.21,98.82,chickpea
51.29,55.42,46.42,32.04,92.25,6.97,144.03,papaya
41.41,75.85,74.38,18.41,12.12,7.07,55.4,chickpea
99.34,13.85,50.42,25.47,84.54,6.38,36.65,watermelon
88.65,12.97,47.59,29.23,94.82,6.12,21.42,muskmelon
67.75,43.67,30.06,20.86,54.72,5.75,85.52,maize
105.4,33.39,24.93,24.44,65.07,6.35,192.75,coffee
18.76,56.88,14.59,28.03,90.41,6.97,45.42,mungbean
32.13,74.04,72.25,18.44,18.16,7.22,93.5,chickpea
57.03,57.43,61.48,34.9,95.06,6.86,185.48,papaya
99.18,25.7,41.19,26.09,57.14,6.61,180.5,coffee
92.13,37.41,26.46,23.68,78.84,6.3,234.72,rice
104.19,9.73,45.0,28.62,94.44,6.59,17.9,muskmelon
74.09,42.52,49.65,22.83,79.71,5.76,232.45,rice
85.93,48.65,40.22,26.85,78.46,6.82,176.21,jute
114.53,51.56,44.41,25.12,76.58,6.6,85.26,cotton
26.06,77.59,21.69,29.47,47.85,6.64,145.13,pigeonpeas
31.53,83.07,20.76,29.56,61.06,6.99,52.52,blackgram
110.45,17.0,60.21,28.16,88.66,6.31,20.16,muskmelon
13.62,11.29,28.27,28.75,94.05,6.07,176.61,coconut
83.05,31.68,46.0,24.83,75.17,6.01,240.58,rice
17.02,12.92,11.23,24.31,91.15,7.07,109.51,orange
14.19,24.62,23.67,30.64,54.33,6.18,85.19,mango
22.63,29.34,26.21,29.26,50.73,5.5,86.9,mango
99.3,8.22,40.76,27.68,92.04,6.56,21.98,muskmelon
81.9,28.36,50.69,25.2,81.12,6.51,169.52,rice
25.83,132.17,182.32,23.44,93.35,5.52,109.29,apple
29.97,30.07,17.06,28.5,83.16,6.98,57.13,mungbean
47.2,81.58,37.81,33.17,94.1,6.94,151.77,papaya
114.64,90.3,63.19,28.51,82.42,5.85,88.4,banana
49.63,55.2,10.91,29.24,65.95,7.3,73.69,blackgram
97.15,21.15,50.66,29.87,89.15,6.03,29.62,muskmelon
25.07,106.03,191.17,22.46,95.89,5.6,123.74,apple
24.63,27.07,37.32,27.76,97.52,6.1,165.88,coconut
51.48,60.24,53.87,34.2,91.61,6.79,147.25,papaya
14.34,90.45,14.42,28.58,53.65,5.51,157.39,pigeonpeas
86.66,43.02,45.55,25.77,77.3,6.55,175.0,jute
23.29,122.86,204.22,23.23,94.71,6.05,97.56,apple
22.53,97.01,232.89,22.75,93.09,6.23,120.45,apple
67.74,37.92,23.13,22.69,68.04,6.22,90.01,maize
28.52,46.82,21.9,27.4,84.09,6.54,63.7,mungbean
18.22,127.79,191.11,22.22,89.87,5.86,107.25,apple
14.26,63.86,18.72,26.37,66.94,6.68,38.72,lentil
23.76,141.35,220.95,23.78,88.74,6.04,54.28,grapes
89.28,35.16,35.73,22.42,79.71,6.53,231.7,rice
98.22,15.07,48.97,24.59,79.44,6.65,61.61,watermelon
26.63,77.77,15.01,24.52,65.28,7.37,50.38,lentil
27.02,128.71,191.15,22.56,91.21,5.82,114.55,apple
17.21,113.2,202.0,23.47,77.39,6.12,46.1,grapes
40.84,60.65,68.53,18.15,14.36,7.05,83.27,chickpea
68.81,48.47,18.08,22.09,68.4,6.37,90.69,maize
113.27,90.32,47.45,28.5,82.64,5.91,102.35,banana
24.29,62.57,17.04,18.04,18.75,5.74,119.89,kidneybeans
22.57,6.54,7.66,21.3,91.57,6.88,91.12,orange
17.08,24.97,44.28,29.88,51.9,5.84,99.67,mango
96.13,29.81,38.15,25.8,64.15,6.39,151.34,coffee
46.53,55.84,50.9,34.94,93.65,6.32,153.94,papaya
21.92,119.86,208.47,24.29,84.58,6.06,55.98,grapes
15.92,119.23,214.14,23.46,78.35,6.4,75.53,grapes
16.31,13.6,33.32,27.75,92.7,6.16,156.4,coconut
100.79,43.26,45.13,23.44,81.03,6.76,68.2,cotton
85.86,45.69,46.35,23.28,80.38,6.66,231.64,rice
22.02,64.42,20.86,28.45,48.23,6.29,153.07,pigeonpeas
40.48,48.87,22.04,29.18,62.15,7.3,71.31,blackgram
47.28,77.98,64.08,19.14,20.96,6.93,80.89,chickpea
25.84,69.95,15.16,24.63,54.37,6.64,46.36,lentil
21.72,62.73,17.15,19.0,20.89,6.33,84.77,kidneybeans
24.26,120.33,203.92,22.76,92.68,5.74,132.03,apple
21.23,20.94,49.17,20.96,92.79,7.08,103.12,pomegranate
28.37,23.83,45.69,22.05,90.51,6.23,80.92,pomegranate
93.25,49.53,39.12,23.97,82.39,6.57,159.64,jute
113.81,19.65,49.17,29.34,90.01,5.98,27.62,muskmelon
26.71,68.77,10.69,26.04,50.08,5.62,133.45,pigeonpeas
88.57,52.46,40.45,24.86,77.42,6.18,142.92,jute
89.47,42.33,39.41,25.3,77.87,6.71,161.16,jute
16.59,27.04,28.63,33.04,51.13,5.32,100.85,mango
16.04,16.63,46.41,23.3,93.08,6.41,109.76,pomegranate
22.79,52.37,14.82,28.66,46.73,6.67,63.91,mothbeans
34.26,86.54,18.06,31.59,70.37,6.66,59.34,blackgram
84.8,26.04,47.42,24.25,78.11,6.26,244.38,rice
27.22,60.85,29.26,23.15,61.55,6.32,49.62,lentil
38.8,61.63,22.27,30.04,59.11,7.04,66.92,blackgram
23.18,56.72,15.32,27.38,55.07,6.81,28.37,mothbeans
14.68,145.11,198.68,24.43,83.97,5.75,59.02,grapes
101.81,21.39,53.97,24.92,84.48,7.05,53.76,watermelon
16.6,43.67,20.36,28.0,84.66,6.85,45.51,mungbean
125.97,55.39,37.67,23.31,77.42,6.97,78.56,cotton
60.72,44.31,62.73,32.82,92.72,6.59,126.39,papaya
95.57,14.64,32.93,25.56,86.97,6.73,52.19,watermelon
25.77,31.53,38.04,32.76,47.11,6.19,74.48,mango
96.29,81.15,41.25,27.92,80.2,6.14,102.07,banana
25.72,59.92,14.04,19.7,25.07,5.31,78.31,kidneybeans
17.85,27.51,16.77,28.95,85.95,6.81,62.21,mungbean
109.04,11.17,48.02,28.5,93.14,6.5,21.72,muskmelon
22.63,16.75,22.02,27.11,95.96,6.11,170.94,coconut
25.93,72.98,20.24,20.91,23.63,6.13,119.71,kidneybeans
12.41,20.07,56.57,21.83,89.44,6.18,123.24,pomegranate
36.8,68.15,26.08,30.55,67.98,7.65,58.85,blackgram
40.68,82.27,15.2,29.9,59.58,7.57,66.92,blackgram
89.62,17.84,61.34,24.93,84.2,6.14,46.73,watermelon
104.67,68.88,54.27,28.13,78.9,5.71,97.41,banana
20.98,16.5,42.85,21.08,90.26,7.11,101.77,pomegranate
95.04,41.44,18.53,25.86,57.82,6.41,143.62,coffee
38.84,65.37,35.8,31.77,94.12,6.78,151.51,papaya
68.35,34.45,58.32,23.98,75.38,6.8,137.97,jute
16.28,14.15,29.72,27.58,90.53,5.89,176.63,coconut
15.4,5.11,14.63,23.02,89.1,6.52,94.26,orange
19.83,12.53,28.44,25.44,93.97,5.88,152.36,coconut
99.97,22.24,40.8,26.17,84.66,6.24,55.24,watermelon
22.63,143.85,178.23,22.0,92.51,6.11,135.74,apple
55.96,47.76,40.71,34.23,91.04,6.5,159.32,papaya
92.42,16.35,43.29,28.68,90.22,6.14,32.34,muskmelon
86.28,20.36,42.75,28.41,96.0,6.78,28.45,muskmelon
114.82,47.91,42.79,24.44,84.12,7.39,70.33,cotton
30.03,136.28,206.52,23.91,80.38,5.97,64.69,grapes
94.38,52.64,38.14,25.64,79.97,6.74,202.52,jute
69.63,53.3,35.61,24.08,81.68,6.5,166.76,jute
23.15,118.17,182.06,23.91,78.51,5.53,77.63,grapes
18.44,74.79,21.77,23.85,65.35,7.36,37.69,lentil
100.35,39.3,37.54,22.8,78.39,6.03,212.11,rice
26.4,25.89,22.13,31.28,46.54,6.13,95.01,mango
16.55,53.22,17.61,25.74,67.2,6.95,36.05,lentil
23.22,141.22,214.29,21.69,92.84,5.83,111.42,apple
20.62,56.63,19.04,29.13,84.03,6.22,51.68,mungbean
12.57,15.15,37.17,28.11,94.63,6.02,157.78,coconut
72.95,38.56,41.57,24.68,80.62,6.56,229.56,rice
82.03,58.49,31.53,23.06,68.25,5.95,83.42,maize
14.66,29.28,30.05,30.35,51.63,5.81,93.98,mango
16.78,22.61,52.57,20.35,93.63,6.18,89.88,pomegranate
114.33,38.7,41.44,23.3,70.84,6.64,103.43,cotton
21.27,63.23,28.64,24.25,65.33,6.8,62.52,lentil
112.49,14.3,47.08,27.43,90.87,6.64,26.92,muskmelon
12.14,5.21,7.52,24.31,92.65,6.95,99.11,orange
30.44,142.66,200.53,23.97,79.64,5.56,56.48,grapes
14.84,47.1,27.81,28.03,58.88,6.92,56.66,mothbeans
98.62,24.63,29.76,24.92,69.86,6.73,152.52,coffee
28.29,54.3,24.14,18.88,22.03,5.66,89.67,kidneybeans
24.34,78.68,20.05,19.72,23.28,4.82,109.84,kidneybeans
86.33,99.91,48.58,27.34,79.37,5.84,129.7,banana
96.99,22.93,55.79,26.64,86.86,7.17,44.53,watermelon
14.54,60.13,16.18,25.08,63.51,6.76,46.52,lentil
28.09,69.64,15.12,25.01,62.92,6.55,53.01,lentil
111.57,34.25,33.08,25.91,60.15,6.9,169.51,coffee
22.14,73.27,19.32,27.09,47.49,5.8,148.41,pigeonpeas
67.93,57.26,55.5,33.27,92.47,6.35,142.99,papaya
42.53,47.82,46.9,33.76,89.82,6.38,146.28,papaya
18.27,12.28,10.75,23.11,92.62,7.23,110.37,orange
23.0,48.94,3.63,28.64,87.43,6.85,47.97,mungbean
72.14,41.93,15.01,21.28,76.71,6.35,100.96,maize
106.7,19.01,49.65,28.42,93.96,6.83,31.51,muskmelon
9.66,24.87,32.55,28.3,46.29,6.08,109.04,mango
81.55,42.81,40.43,23.7,79.47,6.49,234.28,rice
39.61,62.93,15.61,30.24,69.11,7.04,78.15,blackgram
96.11,60.39,36.76,21.38,80.91,6.31,231.68,rice
75.71,34.43,13.1,21.31,77.59,6.77,77.59,maize
27.25,141.99,183.36,24.58,81.63,5.69,86.04,grapes
13.19,74.25,21.46,25.89,63.96,6.9,47.7,lentil
72.71,44.77,47.13,23.81,76.49,6.89,164.34,jute
124.96,44.58,34.56,24.21,83.63,7.02,32.78,cotton
94.81,31.93,29.96,24.28,54.45,6.61,178.57,coffee
84.71,81.8,49.34,27.91,78.75,5.67,98.39,banana
19.67,34.22,34.3,31.66,48.59,6.11,151.36,mango
88.66,16.81,49.26,25.4,82.47,6.62,47.51,watermelon
23.37,13.59,7.29,22.44,91.96,7.42,136.41,orange
104.6,15.56,70.81,26.85,88.93,6.69,46.35,watermelon
23.9,54.28,21.82,28.13,50.26,6.34,55.08,mothbeans
21.97,80.97,18.79,28.6,54.2,5.73,159.11,pigeonpeas
115.89,35.31,47.02,23.56,78.95,7.02,98.82,cotton
115.3,53.7,52.53,24.6,79.74,6.59,79.93,cotton
36.63,134.2,188.61,21.79,95.94,6.17,135.52,apple
25.48,64.51,14.58,20.69,16.98,5.66,103.16,kidneybeans
120.35,54.23,52.8,23.97,73.86,6.86,80.72,cotton
22.4,13.39,44.11,31.73,52.99,5.73,69.03,mango
86.43,36.84,39.96,23.5,83.18,6.82,239.54,rice
14.96,140.01,219.04,21.3,94.44,5.22,106.6,apple
25.02,126.53,186.23,23.79,80.58,6.4,66.11,grapes
28.98,134.54,199.7,22.68,92.54,5.19,110.03,apple
36.52,55.91,27.12,31.89,66.59,6.77,57.95,blackgram
20.33,18.33,39.74,22.9,88.62,6.49,90.66,pomegranate
46.16,55.38,49.52,33.17,90.18,6.76,162.21,papaya
83.7,47.9,10.37,22.13,67.13,6.44,82.46,maize
21.12,17.81,35.35,27.73,97.13,5.87,198.76,coconut
29.62,16.24,29.33,32.66,47.06,5.71,99.64,mango
30.31,119.17,193.66,21.86,90.33,6.25,113.43,apple
27.8,130.56,177.55,22.46,76.72,6.14,56.18,grapes
20.04,9.98,6.34,23.44,88.9,7.51,122.89,orange
20.05,26.3,51.88,20.29,88.76,6.66,105.95,pomegranate
21.4,65.44,28.63,29.48,49.03,5.81,142.65,pigeonpeas
20.06,13.27,26.83,23.79,88.49,6.49,101.03,pomegranate
92.5,79.13,55.32,27.3,74.81,5.77,80.69,banana
92.13,83.14,37.37,27.83,77.59,6.24,99.58,banana
21.12,52.47,22.79,27.62,55.46,6.62,43.69,mothbeans
39.42,80.84,27.55,31.08,67.94,6.79,74.33,blackgram
28.56,53.94,19.22,28.46,87.17,6.7,50.9,mungbean
40.05,66.17,65.29,19.3,7.24,7.5,60.11,chickpea
36.94,81.34,21.4,31.0,65.85,7.15,55.82,blackgram
91.12,35.05,23.77,25.77,53.74,7.49,170.07,coffee
119.96,45.9,59.47,23.29,78.67,6.57,91.17,cotton
23.46,28.6,20.91,30.56,49.35,5.62,94.77,mango
41.83,62.93,37.24,35.01,93.14,6.53,157.48,papaya
22.37,1.21,12.78,22.9,91.54,6.99,86.85,orange
100.23,45.49,41.63,24.58,80.12,6.63,101.59,cotton
17.06,16.73,27.53,22.45,91.8,6.85,100.5,pomegranate
21.74,141.58,209.09,23.17,78.4,5.97,76.73,grapes
103.38,96.7,44.25,26.89,80.24,6.08,102.53,banana
69.71,55.7,24.48,23.26,71.55,6.45,98.32,maize
34.42,15.17,18.75,25.99,97.75,5.93,179.5,coconut
22.25,45.97,23.72,28.9,54.47,6.76,46.71,mothbeans
17.94,23.88,24.96,30.87,49.79,5.91,77.67,mango
24.18,31.15,21.22,30.58,46.59,6.27,107.68,mango
14.53,122.58,206.63,22.82,93.98,5.84,98.2,apple
92.09,20.83,47.95,28.12,93.73,6.77,24.89,muskmelon
19.04,74.92,18.5,26.41,64.17,6.87,44.29,lentil
15.38,19.36,37.14,21.35,86.76,6.55,104.28,pomegranate
116.97,71.77,45.15,26.57,76.71,6.17,101.85,banana
23.76,127.24,188.19,22.95,86.35,5.76,94.58,apple
18.29,12.15,9.15,22.71,96.01,6.75,127.21,orange
40.99,65.32,45.82,33.28,92.87,6.71,158.07,papaya
25.86,66.16,18.14,25.45,59.49,6.88,41.44,lentil
127.66,44.6,41.61,24.72,75.85,7.05,86.22,cotton
84.02,34.06,31.19,25.88,63.4,6.91,130.54,coffee
19.57,7.62,22.1,29.12,96.18,5.97,217.11,coconut
9.91,73.56,9.96,25.03,63.97,6.98,36.88,lentil
27.3,144.56,198.55,21.93,90.68,5.74,117.11,apple
99.83,18.74,46.84,28.25,93.43,6.64,22.92,muskmelon
36.51,72.22,18.09,27.6,62.86,7.42,46.14,blackgram
45.3,61.01,24.47,29.58,60.63,7.01,33.89,blackgram
23.51,71.42,14.06,26.35,45.24,5.95,160.73,pigeonpeas
37.69,73.95,73.58,19.09,15.7,7.51,87.65,chickpea
75.57,51.64,41.05,24.01,87.48,6.29,210.65,rice
118.94,48.65,36.01,23.1,83.52,7.41,72.3,cotton
15.83,60.68,20.18,28.79,56.88,6.01,153.88,pigeonpeas
18.22,51.61,27.76,20.73,24.83,6.05,114.23,kidneybeans
67.34,48.78,22.29,21.41,65.43,6.43,96.13,maize
91.43,84.7,47.75,27.2,80.55,6.0,107.62,banana
99.12,49.6,32.41,25.36,87.46,6.89,112.68,jute
17.48,5.67,12.31,23.66,89.61,6.94,138.84,orange
61.26,61.65,67.14,33.79,94.45,6.85,133.11,papaya
21.75,13.2,22.63,25.27,91.7,6.51,161.56,coconut
22.22,38.9,14.88,28.12,55.27,7.11,58.28,mothbeans
97.21,28.94,43.14,22.45,83.66,6.36,185.73,rice
25.46,145.72,191.35,23.46,78.68,5.82,64.09,grapes
20.23,69.4,17.69,27.05,70.02,6.74,43.26,lentil
30.57,64.17,51.5,34.26,89.73,6.66,123.35,papaya
45.37,50.02,63.18,19.07,14.04,7.67,76.59,chickpea
35.49,59.82,71.29,20.5,17.13,7.4,56.13,chickpea
18.46,143.48,204.92,22.03,91.48,5.86,136.78,apple
81.19,21.51,33.65,24.8,84.99,6.62,48.13,watermelon
97.29,32.11,38.04,24.63,83.52,6.29,233.25,rice
47.64,47.47,50.75,33.96,91.76,6.8,150.5,papaya
22.25,38.4,3.28,27.66,84.08,6.56,64.2,mungbean
68.83,59.17,38.43,23.22,81.14,6.77,164.12,jute
56.03,44.71,32.19,34.62,95.34,6.41,144.81,papaya
17.59,25.1,33.68,22.54,89.95,6.43,116.48,pomegranate
31.18,131.2,208.42,22.67,91.14,6.01,123.74,apple
80.71,49.75,33.6,26.49,82.65,6.57,158.11,jute
28.66,58.1,24.08,31.69,67.71,7.11,62.38,blackgram
83.92,72.4,18.5,21.4,67.44,6.39,75.52,maize
24.15,19.36,41.65,22.7,92.83,6.77,128.29,pomegranate
21.35,57.37,18.42,28.65,42.29,5.73,166.42,pigeonpeas
118.38,26.42,69.91,27.95,93.44,6.74,29.55,muskmelon
25.52,45.43,13.71,28.76,84.52,6.69,46.08,mungbean
44.17,54.26,15.73,29.23,64.89,7.57,94.29,blackgram
67.8,38.49,47.69,25.15,81.48,6.79,181.21,jute
28.52,19.65,22.08,26.87,93.71,5.99,171.51,coconut
46.45,88.81,14.26,29.08,61.29,7.56,81.55,blackgram
121.43,41.1,55.13,24.01,76.58,6.79,108.0,cotton
82.13,16.62,48.02,26.18,85.06,6.66,37.3,watermelon
20.99,70.73,21.56,27.83,46.81,5.7,135.1,pigeonpeas
102.44,87.03,52.57,26.77,81.14,5.85,86.79,banana
27.7,130.14,206.08,23.14,89.91,5.67,137.75,apple
30.2,147.25,189.4,22.22,89.85,6.13,109.0,apple
20.27,68.93,19.85,25.91,62.4,6.86,30.63,lentil
44.37,50.76,49.38,32.57,88.85,6.65,169.08,papaya
21.17,49.97,18.86,28.46,87.34,6.58,39.52,mungbean
87.23,48.35,14.08,20.97,67.02,6.38,108.17,maize
24.65,61.5,20.12,26.55,45.58,5.6,164.28,pigeonpeas
86.1,36.05,31.01,27.01,59.99,6.78,190.52,coffee
8.99,7.51,13.66,22.24,95.2,6.78,118.55,orange
24.14,16.54,31.16,20.04,88.49,6.09,97.66,pomegranate
18.33,55.24,24.81,29.06,82.62,7.12,61.29,mungbean
104.23,32.88,43.76,26.26,66.07,6.57,127.98,coffee
73.8,43.77,35.73,23.21,86.77,6.09,169.44,rice
14.51,74.11,20.23,25.21,57.44,6.52,52.63,lentil
15.27,11.84,31.21,27.5,93.38,5.73,174.02,coconut
93.28,20.61,31.43,24.95,58.58,6.73,151.11,coffee
46.65,62.43,21.95,29.37,57.42,7.16,61.88,blackgram
23.93,70.39,19.45,27.49,42.74,5.52,144.21,pigeonpeas
18.03,129.05,224.21,24.64,76.98,6.35,86.19,grapes
111.04,16.1,40.35,23.91,84.48,6.14,36.15,watermelon
11.59,11.41,7.76,22.13,89.91,7.3,81.52,orange
81.59,45.0,37.53,24.25,79.68,6.29,226.31,rice
20.02,66.53,16.86,22.53,23.93,5.59,112.45,kidneybeans
35.16,55.76,83.91,19.34,17.83,7.58,82.23,chickpea
101.32,31.79,37.66,24.93,59.77,6.83,157.37,coffee
110.49,74.01,51.2,27.76,79.2,6.22,107.38,banana
19.52,18.68,40.52,32.33,50.07,5.43,86.79,mango
84.48,15.9,67.92,28.81,91.17,6.01,33.28,muskmelon
17.89,8.28,5.96,21.85,92.32,7.11,89.58,orange
77.1,56.18,32.25,23.51,79.31,6.64,160.9,jute
104.52,32.21,37.35,23.77,77.21,6.8,128.44,jute
92.95,22.1,57.6,29.31,92.73,6.79,32.63,muskmelon
15.74,32.42,13.56,27.85,80.66,6.52,28.85,mungbean
116.12,49.86,45.79,24.55,80.46,6.83,52.64,cotton
27.01,134.64,169.93,22.62,93.64,5.89,110.11,apple
114.6,28.67,39.5,26.65,63.63,6.47,160.34,coffee
18.66,54.06,15.75,28.14,84.76,7.09,30.1,mungbean
22.12,56.41,25.21,24.19,59.19,7.39,45.33,lentil
101.14,22.63,63.85,28.37,93.15,6.51,18.06,muskmelon
75.84,48.92,20.55,24.3,63.49,6.37,67.2,maize
14.41,71.43,24.66,24.52,63.99,7.04,25.72,lentil
21.44,20.87,18.36,27.45,92.61,5.87,163.1,coconut
37.34,67.64,84.42,18.66,15.26,7.36,54.11,chickpea
17.12,66.41,15.54,21.4,24.75,5.95,114.95,kidneybeans
94.67,20.42,29.53,27.23,55.06,6.76,133.76,coffee
104.6,71.83,44.1,29.13,79.64,5.77,123.44,banana
24.22,34.82,27.34,28.91,52.82,7.0,41.81,mothbeans
91.06,15.04,59.93,25.81,84.7,6.1,38.43,watermelon
98.63,86.18,53.45,27.87,82.08,5.71,120.84,banana
39.92,65.15,17.75,30.69,69.7,6.95,59.31,blackgram
109.09,31.54,30.99,25.86,61.67,6.95,143.23,coffee
17.38,69.39,23.85,28.81,45.47,6.05,135.67,pigeonpeas
56.74,58.16,42.59,24.77,78.27,6.48,216.64,jute
35.11,72.74,21.79,30.21,66.4,7.21,89.94,blackgram
24.94,129.11,214.34,24.36,85.83,5.78,73.82,grapes
21.13,135.79,217.89,23.76,83.49,5.98,71.5,grapes
42.39,50.58,52.61,33.15,89.87,7.08,159.56,papaya
14.79,21.85,27.48,29.97,50.01,5.72,83.99,mango
19.43,58.94,20.26,29.49,54.16,7.05,59.63,mothbeans
79.46,54.14,41.04,24.88,80.25,6.04,209.98,rice
24.06,61.14,24.45,22.11,21.09,5.04,96.23,kidneybeans
17.13,102.74,198.92,24.7,86.67,5.73,91.02,grapes
92.27,12.55,55.67,24.98,84.19,6.75,45.01,watermelon
24.41,12.83,7.1,21.0,91.06,7.6,98.05,orange
102.41,46.14,43.33,22.56,80.32,6.89,97.55,cotton
19.91,75.11,11.34,19.38,24.47,5.54,79.26,kidneybeans
25.23,71.41,8.78,26.6,56.31,5.9,136.04,pigeonpeas
23.59,66.43,19.69,28.68,53.12,5.74,137.61,pigeonpeas
28.39,56.59,52.5,18.71,16.15,7.23,96.1,chickpea
20.74,19.29,39.54,21.41,87.86,6.75,89.43,pomegranate
11.78,123.96,187.64,23.86,81.29,5.93,67.9,grapes
17.72,20.49,26.82,28.26,95.21,6.39,198.94,coconut
96.66,72.88,53.37,28.38,83.52,5.94,119.01,banana
21.8,14.86,53.88,20.47,94.14,6.23,106.98,pomegranate
78.26,53.34,31.17,24.4,83.12,6.14,241.97,rice
126.11,76.26,64.96,27.42,83.58,5.79,115.01,banana
86.68,79.95,37.38,25.92,77.14,6.4,100.67,banana
104.56,94.26,27.98,28.5,79.98,5.45,56.97,banana
136.79,48.59,45.14,21.54,74.16,6.81,65.59,cotton
101.11,25.4,43.76,26.88,82.8,6.81,64.57,watermelon
15.59,38.41,13.79,28.14,88.31,6.89,54.23,mungbean
22.4,36.5,29.73,31.75,44.42,5.84,94.16,mango
13.33,16.85,51.55,19.93,91.5,6.69,136.54,pomegranate
97.54,25.2,48.58,28.57,89.84,6.04,24.0,muskmelon
15.48,13.59,9.64,23.44,89.81,6.97,127.46,orange
67.97,45.94,8.85,21.23,66.43,6.64,135.57,maize
107.42,90.18,59.49,26.91,83.94,5.84,115.46,banana
69.99,38.02,40.82,23.47,84.57,6.61,209.68,jute
107.94,42.7,26.22,25.34,57.93,6.69,120.22,coffee
45.09,66.56,11.95,30.26,65.67,7.07,67.51,blackgram
21.98,56.51,16.74,27.63,53.82,6.94,41.11,mothbeans
105.62,21.1,59.97,28.49,92.65,6.66,22.7,muskmelon
44.97,69.68,12.42,28.77,69.29,7.45,72.2,blackgram
23.42,148.33,198.24,23.52,79.89,5.46,73.31,grapes
27.59,143.86,222.69,22.47,79.18,6.2,38.18,grapes
150.16,71.81,31.94,21.8,79.77,7.06,79.94,cotton
26.74,138.04,195.84,23.72,84.18,5.65,72.45,grapes
20.84,48.24,8.89,27.82,47.01,5.48,150.11,pigeonpeas
17.49,5.24,7.36,22.07,89.57,7.32,105.6,orange
15.72,30.1,18.78,27.92,50.07,6.89,55.74,mothbeans
19.66,27.46,27.43,31.34,47.62,6.51,75.27,mango
94.24,47.08,37.32,23.65,81.02,6.68,168.84,jute
22.76,35.15,21.69,29.89,55.23,5.85,91.83,mango
19.41,69.84,21.35,25.52,62.03,6.75,60.51,lentil
22.24,64.26,14.88,28.38,49.4,6.69,50.4,mothbeans
14.38,52.23,20.89,30.03,88.04,6.61,57.18,mungbean
43.14,61.68,47.11,32.8,94.33,6.77,138.89,papaya
12.9,8.58,5.02,23.52,91.38,6.84,99.63,orange
108.68,81.13,43.07,26.89,82.91,5.97,88.26,banana
22.05,12.92,20.82,26.81,97.45,6.19,154.66,coconut
21.87,33.29,31.51,31.76,48.94,5.8,86.15,mango
35.69,73.49,18.78,30.03,66.23,6.82,56.37,blackgram
80.28,43.46,15.6,23.07,63.29,6.34,89.92,maize
109.67,18.38,53.04,28.61,90.72,6.23,35.37,muskmelon
35.99,67.28,18.7,32.3,60.49,7.19,76.01,blackgram
66.73,48.48,45.18,24.55,74.57,6.46,185.93,jute
102.66,94.66,55.54,25.32,82.32,5.82,112.25,banana
17.85,10.57,4.46,22.39,90.45,7.08,112.4,orange
26.57,71.73,21.86,25.48,67.88,6.82,48.73,lentil
74.58,41.22,13.74,22.11,72.44,6.78,78.95,maize
21.96,45.66,22.79,29.19,84.42,6.82,60.81,mungbean
111.62,48.72,56.1,23.76,79.72,6.63,107.09,cotton
113.97,38.58,46.58,25.07,83.06,7.36,105.19,cotton
109.62,37.07,37.36,25.23,56.98,7.26,156.7,coffee
16.69,51.39,19.1,29.62,85.52,6.51,46.53,mungbean
22.36,72.14,23.97,19.98,27.52,5.84,114.99,kidneybeans
44.38,84.28,94.25,17.6,19.8,7.7,74.6,chickpea
22.87,52.05,26.51,27.13,84.12,6.97,64.46,mungbean
17.84,17.88,53.5,18.97,87.71,6.53,90.72,pomegranate
15.51,69.91,14.76,24.41,66.09,5.99,70.11,lentil
19.62,71.99,27.21,24.95,67.38,7.14,34.47,lentil
91.71,46.01,54.57,24.58,76.5,6.38,204.18,rice
106.64,20.9,65.7,26.88,90.84,6.67,53.52,watermelon
78.33,43.11,37.94,25.84,81.61,6.44,150.5,jute
15.81,17.23,39.27,20.97,85.04,6.36,112.4,pomegranate
22.57,56.24,22.68,24.58,60.57,6.36,44.64,lentil
47.72,63.18,23.64,30.99,58.23,7.3,80.46,blackgram
23.97,134.2,191.36,24.06,87.99,6.31,73.65,grapes
20.3,37.13,21.92,29.72,47.74,5.38,75.64,mango
84.13,43.45,57.13,23.21,80.21,6.16,254.25,rice
76.14,61.36,54.64,25.74,80.22,6.38,178.84,jute
112.15,76.0,57.67,27.43,84.87,6.34,108.15,banana
122.85,40.08,56.75,25.92,77.6,7.34,47.65,cotton
79.39,40.62,34.77,23.24,79.33,6.81,154.27,jute
40.07,75.91,65.03,17.85,8.75,7.35,65.34,chickpea
25.39,17.67,34.99,26.51,95.2,6.03,146.75,coconut
19.36,61.54,15.43,27.96,85.11,6.85,44.58,mungbean
18.91,75.03,24.26,27.64,49.02,6.0,151.24,pigeonpeas
101.52,75.38,64.78,27.79,77.98,6.01,106.98,banana
98.04,72.25,46.04,27.08,78.64,5.59,130.48,banana
24.26,77.59,25.03,23.56,66.73,6.77,29.51,lentil
25.24,36.02,27.0,28.66,77.55,6.63,55.54,mungbean
43.94,47.38,59.65,33.07,94.6,6.75,148.31,papaya
22.69,77.62,19.49,22.24,20.01,5.84,92.22,kidneybeans
105.89,13.59,48.59,25.18,77.14,6.53,48.99,watermelon
18.46,12.43,22.77,27.15,96.2,5.79,189.37,coconut
17.28,59.01,19.18,20.07,13.8,5.68,105.23,kidneybeans
78.92,41.14,13.99,21.79,68.01,6.0,92.88,maize
19.34,19.7,31.94,32.84,48.3,5.81,105.59,mango
33.27,138.5,210.3,23.47,81.17,6.25,94.1,grapes
19.72,48.04,20.98,28.53,46.9,6.43,40.35,mothbeans
53.96,66.91,51.5,32.42,92.52,7.42,172.63,papaya
15.07,16.11,5.36,23.43,91.25,6.97,89.64,orange
83.68,46.77,35.43,24.68,85.74,6.47,243.56,rice
31.52,19.02,29.65,25.9,94.81,6.48,210.27,coconut
40.6,66.01,22.55,30.94,60.9,6.93,49.33,blackgram
19.83,69.62,14.94,24.43,56.89,7.2,38.29,lentil
105.28,17.06,46.4,25.03,86.52,6.72,38.56,watermelon
24.3,20.44,32.74,31.31,51.71,5.9,81.93,mango
14.22,32.24,45.31,32.28,50.07,5.45,75.93,mango
20.13,70.5,16.53,28.2,45.89,5.96,156.52,pigeonpeas
19.54,11.74,52.16,21.32,92.73,6.49,116.17,pomegranate
27.57,50.49,21.19,29.34,86.59,6.48,24.62,mungbean
18.93,77.9,22.38,20.46,20.52,5.92,94.7,kidneybeans
21.74,52.46,13.31,28.78,62.25,6.85,50.26,mothbeans
22.43,21.83,32.59,28.23,90.62,5.6,167.98,coconut
25.92,60.75,12.03,20.84,23.67,5.54,79.69,kidneybeans
77.78,28.23,31.88,24.08,84.93,7.0,300.0,rice
28.92,52.63,10.37,26.01,87.7,6.7,60.41,mungbean
67.13,31.23,54.7,27.19,77.9,6.29,246.56,rice
25.04,25.79,39.5,21.27,87.8,6.82,86.42,pomegranate
79.98,64.77,39.51,24.33,86.35,6.65,138.69,jute
24.5,77.01,19.14,24.16,69.3,6.66,49.92,lentil
14.06,49.09,22.44,28.67,55.55,6.33,34.67,mothbeans
24.9,66.6,26.15,28.93,50.02,5.56,175.78,pigeonpeas
20.43,18.67,49.91,21.71,90.18,7.05,131.33,pomegranate
13.85,44.45,23.8,28.47,55.66,6.81,65.04,mothbeans
40.81,65.2,25.75,30.47,60.87,6.85,74.4,blackgram
35.99,55.3,58.73,33.9,95.42,6.94,152.43,papaya
108.45,21.7,30.7,24.59,59.33,6.54,185.54,coffee
90.19,60.14,60.79,27.49,78.16,6.31,91.22,banana
14.2,30.9,27.3,30.53,52.19,5.45,105.79,mango
40.76,62.75,74.72,19.39,11.55,7.6,61.43,chickpea
102.48,19.22,54.33,27.92,89.01,6.57,21.96,muskmelon
23.11,27.97,26.64,30.81,47.81,6.23,84.7,mango
34.08,61.5,17.73,28.02,63.97,6.98,78.19,blackgram
105.15,20.19,51.17,27.12,94.85,6.62,17.78,muskmelon
17.09,93.33,20.88,28.04,51.43,6.32,162.47,pigeonpeas
72.72,60.92,21.71,22.37,67.46,6.29,86.99,maize
25.81,13.37,9.49,21.16,93.63,7.06,117.37,orange
17.15,25.33,26.18,22.72,89.85,6.43,86.45,pomegranate
16.74,8.81,10.99,23.01,92.62,6.59,120.98,orange
19.71,66.4,18.75,25.9,64.81,6.83,40.35,lentil
111.91,15.17,60.07,23.93,83.64,6.79,68.27,watermelon
12.19,35.89,18.34,28.12,81.53,7.27,52.13,mungbean
30.12,27.34,31.15,29.99,93.44,5.6,160.39,coconut
17.48,50.8,23.23,28.14,84.22,6.74,54.43,mungbean
19.76,14.91,24.62,27.94,93.2,5.64,200.9,coconut
15.53,41.55,16.89,27.19,54.98,7.14,40.1,mothbeans
12.99,41.92,24.92,27.63,49.27,7.17,67.08,mothbeans
40.2,60.48,46.06,33.84,94.74,6.84,164.97,papaya
20.9,28.56,28.03,26.54,93.0,6.27,197.94,coconut
77.61,31.81,41.43,23.96,86.76,6.65,246.99,rice
62.66,40.5,16.1,21.99,65.49,6.18,103.89,maize
97.73,20.74,38.32,27.62,82.72,6.5,38.24,watermelon
27.31,139.11,174.93,22.15,85.01,5.92,54.58,grapes
108.15,37.11,13.44,25.91,61.62,6.72,147.07,coffee
14.92,22.04,36.64,20.71,89.99,6.57,77.41,pomegranate
17.96,12.82,52.37,21.88,89.38,6.67,98.21,pomegranate
33.69,66.7,67.83,19.57,13.23,8.04,74.68,chickpea
61.1,38.33,26.14,23.01,67.36,6.79,93.43,maize
23.29,37.47,29.08,32.93,47.75,5.98,101.85,mango
18.55,22.8,55.64,22.56,93.56,6.76,132.65,pomegranate
17.67,41.16,18.55,28.99,89.27,6.82,44.54,mungbean
119.85,55.62,46.24,24.09,74.55,6.32,98.53,cotton
16.81,41.98,20.11,28.48,86.15,6.87,42.73,mungbean
86.99,48.88,25.57,21.93,65.05,6.24,69.95,maize
16.81,60.82,20.06,20.29,23.68,6.03,108.18,kidneybeans
25.38,72.95,12.45,28.25,38.11,5.73,168.35,pigeonpeas
63.87,30.16,26.22,25.92,76.35,6.87,195.05,jute
104.44,21.66,22.89,25.52,63.09,6.48,182.27,coffee
114.78,58.99,52.23,24.54,81.53,7.24,95.3,cotton
68.18,54.96,42.71,24.51,79.86,6.61,172.64,jute
121.62,47.33,47.18,25.84,80.4,6.78,54.27,cotton
19.94,50.63,16.86,27.4,57.73,6.81,75.27,mothbeans
95.26,19.61,47.83,25.84,81.56,6.67,32.95,watermelon
69.84,78.08,53.38,27.77,83.29,5.92,102.35,banana
13.46,64.42,19.28,27.45,47.57,5.93,130.66,pigeonpeas
89.18,58.17,24.3,23.5,67.9,5.96,97.61,maize
16.93,133.11,218.04,23.32,80.47,5.91,76.87,grapes
19.94,24.59,26.32,31.49,46.29,5.9,88.4,mango
74.06,28.43,40.58,23.06,82.81,6.41,281.85,rice
21.18,120.87,180.18,21.4,93.7,5.84,83.06,apple
102.3,74.74,31.62,26.76,78.15,5.76,120.52,banana
81.76,37.45,28.66,25.11,58.4,6.85,149.52,coffee
20.74,46.31,18.35,27.97,56.84,6.89,53.82,mothbeans
20.83,135.97,212.05,22.21,89.73,6.07,109.7,apple
16.77,58.38,13.3,28.15,85.79,7.29,44.77,mungbean
135.95,50.31,46.18,25.15,87.65,7.18,83.89,cotton
23.11,13.22,35.99,27.95,95.63,5.5,173.73,coconut
95.77,78.49,75.08,26.78,78.73,6.9,111.74,banana
116.65,54.92,47.39,25.92,83.64,6.74,113.63,cotton
21.5,121.99,214.69,22.27,95.85,5.34,115.16,apple
14.87,14.03,30.83,21.36,90.72,5.96,106.3,pomegranate
99.43,17.68,34.54,26.9,53.31,6.61,142.35,coffee
36.64,68.28,77.48,18.27,15.74,7.39,70.26,chickpea
21.33,11.95,6.48,23.7,91.17,7.21,83.41,orange
46.16,71.49,21.45,31.1,60.58,6.98,70.05,blackgram
123.19,49.05,46.15,26.17,77.18,7.24,79.24,cotton
32.43,68.26,90.29,17.13,18.28,7.64,78.86,chickpea
75.89,48.85,43.43,25.54,82.64,6.03,198.69,rice
66.06,45.74,56.24,23.87,79.24,6.75,171.61,jute
41.3,57.69,28.59,33.52,90.67,6.68,195.63,papaya
19.74,78.61,20.0,29.92,49.65,5.71,149.07,pigeonpeas
79.98,24.91,36.8,25.5,52.98,6.91,161.34,coffee
82.25,16.54,54.6,25.65,89.03,6.27,28.46,watermelon
31.47,65.19,93.58,19.31,17.68,7.29,75.63,chickpea
66.25,38.09,37.87,23.98,80.06,6.54,265.36,rice
16.6,6.4,10.93,22.31,92.22,7.3,112.76,orange
44.93,77.49,19.7,32.49,69.02,7.22,56.61,blackgram
99.84,69.85,48.3,26.65,79.57,5.26,86.95,banana
102.33,17.99,60.03,26.18,86.33,6.71,30.93,watermelon
26.22,61.34,24.05,26.48,54.17,5.68,131.52,pigeonpeas
122.59,35.12,35.93,24.0,84.0,6.91,69.92,cotton
81.67,47.63,34.86,23.86,79.84,6.85,176.15,jute
105.6,38.88,27.06,24.33,58.49,7.3,136.78,coffee
20.74,48.54,17.07,28.49,85.38,6.78,25.43,mungbean
92.55,85.82,36.58,27.41,82.12,6.23,92.77,banana
24.55,42.57,21.56,28.71,83.95,6.94,52.89,mungbean
79.82,38.34,28.17,25.42,74.43,6.67,166.83,jute
22.73,162.71,197.08,24.24,83.84,6.17,73.47,grapes
23.56,34.15,13.02,30.38,49.76,5.98,87.78,mango
85.52,16.71,62.33,27.71,91.81,6.39,20.81,muskmelon
17.98,149.01,190.43,23.17,95.43,5.92,128.9,apple
112.43,45.58,52.43,24.51,86.19,7.11,86.94,cotton
114.55,19.29,42.4,25.76,82.52,6.62,56.67,watermelon
105.49,20.87,42.58,26.05,69.16,6.51,190.98,coffee
25.76,78.74,22.16,24.98,64.45,6.59,43.84,lentil
26.12,4.85,2.13,25.17,92.82,7.15,107.92,orange
82.05,48.03,14.75,22.25,64.38,6.19,116.88,maize
46.62,51.23,56.86,33.01,91.16,6.6,125.27,papaya
13.07,20.49,36.01,20.71,89.38,6.39,102.12,pomegranate
50.35,73.39,32.05,33.42,94.88,6.68,139.92,papaya
22.83,29.89,20.22,31.72,44.55,5.95,87.9,mango
13.0,62.11,18.35,24.99,66.1,7.25,57.48,lentil
51.35,59.25,55.55,32.51,92.32,7.1,180.39,papaya
134.66,58.61,45.0,24.39,82.51,6.6,65.22,cotton
24.79,81.4,20.78,26.56,64.63,7.21,41.49,lentil
128.78,50.27,32.08,24.27,80.54,7.02,89.06,cotton
12.4,19.54,39.92,23.71,89.47,6.88,87.99,pomegranate
20.28,21.51,21.1,28.57,94.78,5.94,160.75,coconut
72.2,47.46,12.5,23.28,72.53,6.25,81.46,maize
87.91,51.99,36.33,23.19,83.1,6.33,263.66,rice
68.33,51.46,33.55,25.41,79.05,6.85,142.97,jute
20.32,59.05,28.38,28.85,47.64,6.96,61.21,mothbeans
12.77,31.6,30.3,30.79,55.31,5.37,118.02,mango
13.88,132.97,229.56,23.24,84.49,5.84,70.66,grapes
102.79,46.54,44.74,23.17,80.86,7.29,98.47,cotton
22.74,17.73,27.45,26.34,94.77,5.96,189.54,coconut
88.15,27.47,9.52,21.22,72.61,6.35,98.81,maize
92.85,21.12,45.12,30.5,93.13,6.22,22.8,muskmelon
89.74,15.95,32.8,28.94,88.49,6.55,16.89,muskmelon
20.49,5.62,6.68,24.49,95.85,7.3,130.79,orange
17.89,62.8,18.24,28.9,42.12,7.16,68.63,mothbeans
27.39,49.46,25.4,27.64,82.73,6.4,51.5,mungbean
131.21,51.4,53.8,23.91,79.15,7.18,94.37,cotton
28.24,18.07,13.5,24.54,89.12,6.62,106.18,orange
26.18,35.29,26.84,31.39,42.74,5.8,83.88,mango
93.29,46.85,46.73,24.36,90.15,6.34,180.9,rice
81.7,49.07,23.11,22.37,72.57,6.14,105.38,maize
22.2,74.08,13.84,27.71,48.22,6.31,181.72,pigeonpeas
23.09,42.88,24.87,30.21,55.1,5.44,92.25,mango
36.44,65.07,85.1,18.82,15.32,7.71,79.4,chickpea
85.55,23.47,22.8,26.61,66.34,6.2,191.3,coffee
15.77,5.45,12.12,22.86,92.31,7.38,130.98,orange
18.06,23.55,31.21,31.21,49.26,6.06,79.58,mango
28.06,137.21,202.49,24.9,85.53,6.29,75.48,grapes
77.25,51.96,33.07,24.86,76.11,6.3,241.56,rice
98.29,85.8,62.39,26.34,82.11,6.27,102.02,banana
95.53,50.79,41.73,25.33,81.8,6.81,152.75,jute
102.14,80.51,55.49,27.56,81.02,5.58,112.88,banana
18.42,71.06,14.62,27.14,44.21,5.46,167.09,pigeonpeas
7.16,8.74,9.64,21.64,95.23,6.85,107.44,orange
40.43,56.34,97.06,19.8,18.09,7.0,83.95,chickpea
99.97,13.57,52.0,23.92,80.09,6.19,54.84,watermelon
21.15,92.82,18.39,24.48,67.77,7.4,55.75,lentil
73.46,35.7,36.71,25.45,79.57,6.44,140.49,jute
20.15,62.91,19.36,24.12,71.26,7.09,52.7,lentil
19.78,117.83,202.6,22.64,91.78,6.24,103.93,apple
121.25,24.15,29.2,26.55,58.55,6.95,175.61,coffee
22.36,45.04,16.02,26.75,88.41,6.86,47.21,mungbean
26.43,61.3,15.84,20.52,11.83,5.14,100.51,kidneybeans
71.3,51.35,43.7,24.39,77.72,6.68,161.86,jute
51.17,72.72,55.28,32.84,89.42,6.69,157.61,papaya
43.47,68.79,82.2,18.69,22.81,7.11,72.78,chickpea
23.94,13.18,11.89,20.71,90.23,7.41,92.16,orange
98.41,23.49,82.33,26.82,83.3,6.68,58.41,watermelon
92.44,12.06,51.53,30.59,93.8,6.54,27.15,muskmelon
66.82,46.16,20.77,26.27,58.41,6.68,87.7,maize
109.43,44.55,43.37,23.25,80.75,7.03,67.05,cotton
33.35,72.64,21.42,28.33,43.76,5.67,140.4,pigeonpeas
139.96,46.14,62.88,23.61,85.02,6.46,76.99,cotton
26.43,16.62,41.36,26.7,95.19,5.85,188.94,coconut
21.86,47.66,21.16,28.68,85.68,6.55,65.94,mungbean
15.63,75.99,18.78,24.28,61.97,6.78,63.42,lentil
110.77,31.56,30.39,26.62,57.42,6.62,187.45,coffee
23.36,42.06,13.23,27.89,53.41,6.34,37.21,mothbeans
70.59,37.03,24.6,24.54,79.55,7.04,187.85,jute
141.15,40.91,42.05,24.42,81.97,7.11,69.15,cotton
17.84,21.47,43.61,24.03,93.23,6.96,149.0,pomegranate
21.46,76.5,19.68,28.81,48.84,5.76,167.09,pigeonpeas
19.79,20.81,17.6,28.97,95.07,6.12,191.95,coconut
48.3,42.93,55.9,33.82,90.31,6.94,117.83,papaya
96.82,61.26,32.63,26.18,80.01,7.0,191.34,jute
13.53,21.8,30.36,31.57,43.39,5.91,83.53,mango
81.69,53.55,5.24,22.05,54.4,6.28,84.92,maize
85.73,50.1,18.97,24.74,80.24,6.64,177.53,jute
126.68,33.43,35.31,24.17,79.68,6.78,107.67,cotton
84.95,19.86,51.01,26.67,84.82,6.52,56.6,watermelon
21.03,63.18,11.69,28.4,52.56,6.03,122.81,pigeonpeas
105.28,33.25,26.81,24.74,59.3,7.04,158.99,coffee
20.19,25.09,44.64,20.28,86.64,6.41,102.98,pomegranate
97.07,25.18,35.66,25.35,63.63,6.48,159.01,coffee
18.34,43.59,27.29,26.25,82.49,7.49,54.91,mungbean
53.41,53.72,45.74,34.55,94.48,6.76,121.49,papaya
109.56,20.66,61.13,26.58,89.71,6.45,36.4,watermelon
17.59,70.34,20.29,28.14,50.48,5.55,126.05,pigeonpeas
87.22,23.53,55.31,24.74,83.31,6.27,41.26,watermelon
83.53,54.78,18.24,18.88,60.32,6.62,35.0,maize
20.66,31.16,32.13,31.74,51.02,6.01,72.22,mango
18.17,124.41,184.02,24.16,76.0,5.69,47.64,grapes
14.05,56.94,26.56,28.2,86.38,7.04,44.33,mungbean
71.44,44.27,24.44,22.6,67.0,6.46,78.25,maize
32.55,54.61,20.2,30.32,68.41,7.26,74.91,blackgram
14.44,119.63,195.84,22.45,92.91,6.12,107.61,apple
111.01,43.24,41.86,24.06,75.42,6.29,87.41,cotton
18.59,12.23,48.7,21.7,93.0,6.47,104.96,pomegranate
91.26,59.03,0.0,22.12,64.48,5.78,86.7,maize
21.67,8.35,14.6,22.96,94.7,7.16,109.09,orange
22.38,52.47,17.09,25.61,58.99,7.0,46.66,lentil
17.9,19.84,24.65,29.69,94.58,5.62,154.34,coconut
36.08,69.94,69.75,19.63,12.09,7.27,72.8,chickpea
32.65,78.43,108.57,19.19,19.23,7.22,55.66,chickpea
51.54,65.08,20.46,31.5,62.6,7.62,68.07,blackgram
19.96,76.73,23.37,26.82,44.52,5.82,178.34,pigeonpeas
80.51,48.13,22.36,23.24,55.62,6.46,67.32,maize
33.05,145.79,192.36,22.98,83.41,5.89,73.96,grapes
48.21,60.33,102.29,19.7,20.78,7.35,77.96,chickpea
102.67,12.93,51.95,29.67,93.36,6.71,22.22,muskmelon
21.93,75.7,26.23,25.17,64.65,7.22,56.73,lentil
36.02,85.31,91.27,18.98,13.14,7.21,82.03,chickpea
82.49,11.39,24.89,30.08,95.35,6.61,25.81,muskmelon
46.52,60.67,44.94,33.55,90.72,6.77,153.52,papaya
18.99,14.13,8.83,23.25,91.58,7.15,105.35,orange
39.19,68.33,14.92,30.61,63.28,7.06,75.91,blackgram
54.7,52.47,55.33,34.11,91.92,6.89,116.22,papaya
84.95,23.49,26.85,25.09,57.88,6.34,147.48,coffee
23.54,19.71,31.38,33.34,46.73,5.75,114.79,mango
18.87,5.37,2.53,22.33,91.49,6.62,113.65,orange
90.3,17.0,59.55,29.43,93.89,6.58,29.34,muskmelon
26.15,50.81,12.6,18.87,21.33,5.62,127.39,kidneybeans
26.95,150.88,191.65,24.24,83.2,5.97,51.68,grapes
44.64,52.42,50.16,33.66,91.93,6.49,164.58,papaya
16.78,56.78,15.25,26.1,63.97,7.14,21.21,lentil
17.38,134.64,204.49,21.92,91.91,6.06,100.81,apple
16.8,51.42,17.4,29.91,82.79,6.52,39.3,mungbean
76.84,39.87,33.18,24.76,84.72,6.42,268.56,rice
21.9,60.74,18.14,29.44,87.18,6.32,37.98,mungbean
16.03,6.01,14.86,22.76,90.95,7.42,119.69,orange
29.85,121.11,191.53,24.25,85.6,5.65,63.85,grapes
73.32,45.35,48.32,26.31,75.52,6.68,192.46,jute
22.24,149.05,187.12,22.73,92.97,6.32,118.1,apple
16.11,16.82,13.79,25.86,97.18,6.05,168.22,coconut
19.89,29.91,27.23,29.53,49.64,5.86,104.47,mango
105.08,46.86,30.89,25.04,57.86,6.39,188.98,coffee
15.81,10.48,16.31,23.55,90.51,7.45,90.67,orange
115.08,38.7,37.71,23.55,82.03,7.28,75.59,cotton
18.55,55.05,18.91,28.47,82.99,6.71,41.35,mungbean
25.91,41.2,20.57,28.55,80.83,6.36,49.12,mungbean
21.25,142.21,212.24,23.65,80.85,6.29,89.97,grapes
15.06,68.83,15.16,19.99,18.27,5.39,108.75,kidneybeans
17.34,50.41,13.47,29.05,88.67,6.81,30.47,mungbean
90.26,17.47,62.53,29.93,93.31,7.1,22.86,muskmelon
94.64,13.83,47.76,26.88,92.12,6.79,34.74,muskmelon
37.07,62.15,19.63,29.57,60.36,7.04,72.41,blackgram
17.41,152.75,200.89,23.97,75.87,5.8,75.53,grapes
57.58,64.78,58.49,33.47,91.89,6.57,146.02,papaya
20.68,16.19,48.74,21.04,92.04,6.41,112.24,pomegranate
82.08,18.84,60.83,26.2,83.75,6.24,51.89,watermelon
99.89,10.29,53.87,27.2,93.0,6.09,22.7,muskmelon
83.46,19.28,42.33,28.87,92.6,5.97,25.49,muskmelon
111.54,18.54,45.37,28.44,89.65,6.97,21.75,muskmelon
65.38,35.33,43.67,25.29,83.52,6.66,142.52,jute
25.97,147.55,191.48,20.89,91.05,6.08,111.93,apple
29.68,6.7,0.0,21.95,93.17,7.03,92.77,orange
125.74,20.89,47.35,24.99,84.87,6.54,46.39,watermelon
106.67,27.49,34.6,25.43,56.22,6.5,152.16,coffee
96.01,31.89,26.9,26.15,63.69,7.09,137.64,coffee
22.42,9.61,6.72,23.38,92.12,7.54,122.83,orange
96.39,68.57,56.71,26.95,79.18,5.85,124.77,banana
43.05,80.07,12.94,29.8,65.58,7.36,63.53,blackgram
19.92,130.2,186.78,22.86,91.81,5.85,111.5,apple
13.39,22.42,19.07,29.35,93.34,6.44,167.97,coconut
26.2,59.51,59.32,33.52,91.38,6.67,152.94,papaya
18.93,25.76,28.74,31.92,53.56,5.49,105.67,mango
109.24,64.5,36.78,27.22,78.14,5.9,84.78,banana
22.5,33.18,15.27,29.42,61.21,6.51,47.05,mothbeans
12.28,3.5,10.77,21.89,92.19,7.06,113.75,orange
52.94,60.07,71.92,33.27,95.51,6.77,173.5,papaya
131.08,59.69,47.9,23.96,82.26,6.76,82.82,cotton
62.94,27.07,43.86,23.07,73.02,6.64,244.63,rice
86.2,90.43,40.9,28.13,79.77,5.86,130.75,banana
19.78,41.3,23.52,29.31,52.77,7.17,27.36,mothbeans
18.75,57.24,12.28,25.38,64.56,7.19,40.66,lentil
101.62,20.95,59.11,28.54,93.41,6.3,28.22,muskmelon
22.72,16.49,41.01,28.41,95.38,5.74,157.87,coconut
94.6,88.16,68.62,27.78,82.1,6.17,81.62,banana
31.66,80.95,78.56,19.13,26.2,7.72,76.71,chickpea
25.08,78.44,24.23,19.43,20.9,5.98,111.26,kidneybeans
19.88,57.69,17.32,24.08,66.66,7.22,55.91,lentil
16.96,81.54,15.69,20.4,26.08,5.86,106.51,kidneybeans
100.3,20.67,35.25,25.69,60.08,6.93,147.15,coffee
94.29,80.12,39.88,28.07,82.94,6.19,113.6,banana
94.93,19.3,53.79,28.76,93.89,6.06,18.61,muskmelon
24.06,22.49,35.32,20.4,91.25,5.83,123.65,pomegranate
24.21,155.12,177.59,22.97,93.48,6.08,139.29,apple
16.27,10.03,33.84,27.69,95.01,6.03,162.38,coconut
21.7,83.35,9.02,26.12,53.71,7.2,45.91,lentil
52.79,74.1,46.29,34.23,92.35,6.75,140.03,papaya
22.43,45.56,22.23,28.15,53.06,7.0,42.27,mothbeans
33.82,61.47,21.85,28.42,69.9,7.3,79.69,blackgram
28.44,13.03,25.26,26.57,93.23,6.37,170.64,coconut
47.1,65.08,77.96,18.51,14.58,7.51,84.58,chickpea
63.47,57.81,30.2,24.7,77.63,6.65,154.54,jute
52.05,49.39,47.47,34.11,95.46,6.67,152.92,papaya
27.56,63.38,20.46,22.29,17.16,5.13,125.59,kidneybeans
24.2,70.49,12.25,27.42,45.07,6.03,169.03,pigeonpeas
21.13,6.63,10.29,25.11,91.5,6.89,127.61,orange
20.06,90.12,25.96,19.05,24.32,5.47,76.58,kidneybeans
25.15,150.76,206.48,24.14,93.41,6.01,116.85,apple
23.22,31.9,22.65,31.88,52.02,6.19,102.97,mango
103.1,20.49,52.9,28.62,91.78,6.58,28.13,muskmelon
75.72,44.35,49.05,25.88,79.92,6.91,192.11,jute
21.64,24.2,32.98,30.11,52.74,6.16,117.83,mango
97.53,21.61,30.33,25.36,83.57,6.77,58.4,watermelon
91.15,43.07,38.95,24.12,88.83,7.02,238.94,rice
76.64,46.59,47.74,25.01,80.27,6.3,154.2,jute
12.23,29.52,29.68,31.33,50.34,5.84,113.72,mango
25.42,65.04,16.89,28.58,46.11,5.78,122.12,pigeonpeas
17.69,67.81,16.07,20.17,17.61,5.68,112.2,kidneybeans
41.2,69.09,8.91,29.84,62.13,6.81,86.64,blackgram
26.74,73.08,12.94,30.01,66.28,7.29,52.35,blackgram
85.02,97.52,54.21,27.76,89.75,6.07,84.16,banana
16.94,62.58,8.7,25.89,62.23,6.72,34.2,lentil
27.29,82.13,14.01,19.55,23.62,6.55,128.68,kidneybeans
111.67,83.86,35.06,27.31,80.98,5.66,99.24,banana
26.45,132.98,192.76,23.56,79.83,6.22,52.98,grapes
15.53,59.17,15.38,27.38,41.99,5.39,135.03,pigeonpeas
19.91,76.1,21.15,24.77,61.61,7.18,14.68,lentil
19.2,23.78,30.07,24.2,92.82,6.59,128.38,pomegranate
98.39,49.26,42.93,23.55,80.4,6.72,88.17,cotton
43.91,67.92,85.13,18.56,25.82,6.95,98.65,chickpea
77.11,45.8,5.32,21.26,63.98,6.08,109.87,maize
26.62,149.57,223.85,22.7,93.93,5.52,119.88,apple
47.18,68.92,10.35,29.86,65.92,7.39,63.61,blackgram
23.51,130.96,190.03,22.38,93.73,6.13,115.98,apple
17.39,23.54,35.19,31.77,44.56,5.45,59.49,mango
105.66,91.73,54.35,27.04,82.23,6.32,107.16,banana
22.15,136.68,215.21,24.07,95.42,6.19,110.62,apple
118.45,48.99,55.59,24.98,77.18,6.9,74.72,cotton
69.38,35.76,32.99,23.59,75.85,5.96,296.62,rice
36.24,61.84,19.49,30.71,73.95,6.72,72.1,blackgram
90.25,14.57,67.71,28.81,90.72,5.99,14.67,muskmelon
91.62,17.44,37.81,25.64,84.6,6.08,82.08,watermelon
106.52,19.49,27.51,25.79,55.38,6.88,129.58,coffee
93.72,17.0,43.67,25.04,87.96,6.79,32.88,watermelon
76.12,37.48,38.53,25.16,75.32,6.83,200.6,jute
41.49,66.73,88.73,18.47,10.61,6.99,73.55,chickpea
70.57,39.86,41.31,25.71,79.35,7.1,156.78,jute
17.76,32.09,21.7,30.2,89.67,6.66,49.09,mungbean
19.59,124.15,195.93,23.57,87.52,5.86,74.13,grapes
83.31,44.38,37.73,26.04,84.51,6.58,157.64,jute
20.45,48.6,24.2,27.55,84.79,6.78,41.96,mungbean
23.66,135.4,209.5,24.07,91.13,5.66,96.71,apple
20.44,150.36,221.94,22.3,83.55,5.94,57.6,grapes
27.4,26.4,28.85,26.79,90.89,6.19,163.9,coconut
22.59,49.67,26.0,28.62,53.31,7.21,52.38,mothbeans
63.93,50.06,26.77,23.04,57.36,6.24,98.36,maize
25.74,15.91,25.55,27.07,95.51,5.97,160.58,coconut
22.69,10.08,19.54,21.4,86.65,6.46,110.08,pomegranate
76.85,58.15,44.62,24.83,81.92,6.2,160.46,jute
99.86,80.07,48.98,27.38,84.43,5.97,122.37,banana
25.54,74.97,10.97,27.42,49.63,6.01,164.47,pigeonpeas
38.13,75.81,11.07,29.47,72.98,6.96,64.9,blackgram
78.59,48.53,41.26,23.51,78.38,5.9,223.38,rice
16.9,77.15,21.33,26.51,54.84,6.42,166.03,pigeonpeas
16.75,30.81,28.66,32.77,48.53,5.82,103.49,mango
11.11,21.28,31.31,23.29,94.65,6.46,113.58,pomegranate
23.25,129.5,177.96,23.77,80.94,5.64,65.56,grapes
25.32,145.68,218.58,22.94,92.18,5.86,85.24,apple
42.28,81.75,24.73,28.9,63.74,6.88,64.52,blackgram
23.88,15.11,9.89,22.69,93.07,7.01,94.77,orange
71.23,51.57,23.89,21.67,70.24,6.59,110.85,maize
87.68,22.49,22.19,24.95,56.21,6.98,140.21,coffee
121.87,20.17,52.75,27.92,94.12,6.12,15.6,muskmelon
24.31,70.51,25.84,19.96,23.68,5.86,100.39,kidneybeans
21.8,139.21,193.84,23.83,84.15,5.99,88.1,grapes
22.32,82.51,16.55,28.06,35.05,5.78,143.68,pigeonpeas
105.85,13.21,25.55,26.82,66.2,7.16,155.27,coffee
13.8,1.82,5.6,22.08,91.27,7.49,107.0,orange
110.75,80.67,43.05,28.14,86.83,6.04,124.74,banana
22.98,26.43,28.86,29.51,45.81,5.64,85.59,mango
22.4,140.67,213.38,24.82,83.19,6.26,62.02,grapes
18.62,54.34,18.27,25.21,59.45,7.08,46.89,lentil
